Group,Team,Manager,Position,Player,Club
Group A,Mexico,Javier Aguirre,Goalkeepers,Carlos Acevedo,Santos Laguna
Group A,Mexico,Javier Aguirre,Goalkeepers,Guillermo Ochoa,AEL Limassol
Group A,Mexico,Javier Aguirre,Goalkeepers,Raúl Rangel,Chivas
Group A,Mexico,Javier Aguirre,Defenders,Jesús Gallardo,Toluca
Group A,Mexico,Javier Aguirre,Defenders,Israel Reyes,América
Group A,Mexico,Javier Aguirre,Defenders,César Montes,Lokomotiv Moscow
Group A,Mexico,Javier Aguirre,Defenders,Jorge Sánchez,PAOK
Group A,Mexico,Javier Aguirre,Defenders,Johan Vásquez,Genoa
Group A,Mexico,Javier Aguirre,Defenders,Mateo Chávez,AZ Alkmaar
Group A,Mexico,Javier Aguirre,Midfielders,Gilberto Mora,Tijuana
Group A,Mexico,Javier Aguirre,Midfielders,Edson Álvarez,Fenerbahçe
Group A,Mexico,Javier Aguirre,Midfielders,Orbelín Pineda,AEK Athens
Group A,Mexico,Javier Aguirre,Midfielders,Luis Romo,Chivas
Group A,Mexico,Javier Aguirre,Midfielders,Brian Gutiérrez,Chivas
Group A,Mexico,Javier Aguirre,Midfielders,Obed Vargas,Atlético Madrid
Group A,Mexico,Javier Aguirre,Midfielders,César Huerta,Anderlecht
Group A,Mexico,Javier Aguirre,Midfielders,Luis Chávez,Dinamo Moscow
Group A,Mexico,Javier Aguirre,Midfielders,Erik Lira,Cruz Azul
Group A,Mexico,Javier Aguirre,Midfielders,Álvaro Fidalgo,Real Betis
Group A,Mexico,Javier Aguirre,Midfielders,Roberto Alvarado,Chivas
Group A,Mexico,Javier Aguirre,Forwards,Armando González,Chivas
Group A,Mexico,Javier Aguirre,Forwards,Raúl Jiménez,Fulham
Group A,Mexico,Javier Aguirre,Forwards,Julián Quiñones,Al Qadsiah
Group A,Mexico,Javier Aguirre,Forwards,Santiago Gimenez,AC Milan
Group A,Mexico,Javier Aguirre,Forwards,Guillermo Martínez,Pumas
Group A,Mexico,Javier Aguirre,Forwards,Alexis Vega,Toluca
Group A,South Africa,Hugo Broos,Goalkeepers,Ronwen Williams,Mamelodi Sundowns
Group A,South Africa,Hugo Broos,Goalkeepers,Ricardo Goss,Mamelodi Sundowns
Group A,South Africa,Hugo Broos,Goalkeepers,Sipho Chaine,Orlando Pirates
Group A,South Africa,Hugo Broos,Defenders,Khuliso Mudau,Mamelodi Sundowns
Group A,South Africa,Hugo Broos,Defenders,Nkosinathi Sibisi,Orlando Pirates
Group A,South Africa,Hugo Broos,Defenders,Ime Okon,Hannover 96
Group A,South Africa,Hugo Broos,Defenders,Khulumani Ndamane,Mamelodi Sundowns
Group A,South Africa,Hugo Broos,Defenders,Aubrey Modiba,Mamelodi Sundowns
Group A,South Africa,Hugo Broos,Defenders,Samukelo Kabini,Molde
Group A,South Africa,Hugo Broos,Defenders,Thabang Matuludi,Polokwane City
Group A,South Africa,Hugo Broos,Defenders,Olwethu Makhanya,Philadelphia Union
Group A,South Africa,Hugo Broos,Defenders,Kamgogelo Sebelebele,Orlando Pirates
Group A,South Africa,Hugo Broos,Defenders,Bradley Cross,Kaizer Chiefs
Group A,South Africa,Hugo Broos,Defenders,Mbekezeli Mbokazi,Chicago Fire
Group A,South Africa,Hugo Broos,Midfielders,Teboho Mokoena,Mamelodi Sundowns
Group A,South Africa,Hugo Broos,Midfielders,Thalente Mbatha,Orlando Pirates
Group A,South Africa,Hugo Broos,Midfielders,Yaya Sithole,Tondela
Group A,South Africa,Hugo Broos,Midfielders,Jayden Adams,Mamelodi Sundowns
Group A,South Africa,Hugo Broos,Forwards,Oswin Appollis,Orlando Pirates
Group A,South Africa,Hugo Broos,Forwards,Iqraam Rayners,Mamelodi Sundowns
Group A,South Africa,Hugo Broos,Forwards,Tshepang Moremi,Orlando Pirates
Group A,South Africa,Hugo Broos,Forwards,Relebohile Mofokeng,Orlando Pirates
Group A,South Africa,Hugo Broos,Forwards,Evidence Makgopa,Orlando Pirates
Group A,South Africa,Hugo Broos,Forwards,Themba Zwane,Mamelodi Sundowns
Group A,South Africa,Hugo Broos,Forwards,Lyle Foster,Burnley
Group A,South Africa,Hugo Broos,Forwards,Thapelo Maseko,AEL Limassol
Group A,South Korea,Hong Myung-Bo,Goalkeepers,Jo Hyun-Woo,Ulsan HD
Group A,South Korea,Hong Myung-Bo,Goalkeepers,Kim Seung-Gyu,FC Tokyo
Group A,South Korea,Hong Myung-Bo,Goalkeepers,Song Bum-Keun,Jeonbuk Hyundai
Group A,South Korea,Hong Myung-Bo,Defenders,Kim Min-Jae,Bayern Munich
Group A,South Korea,Hong Myung-Bo,Defenders,Jo Yu-Min,Sharjah
Group A,South Korea,Hong Myung-Bo,Defenders,Lee Han-Beom,Midtjylland
Group A,South Korea,Hong Myung-Bo,Defenders,Kim Tae-Hyun,Kashima Antlers
Group A,South Korea,Hong Myung-Bo,Defenders,Park Jin-Seop,Zhejiang FC
Group A,South Korea,Hong Myung-Bo,Defenders,Lee Ki-Hyeok,Gangwon FC
Group A,South Korea,Hong Myung-Bo,Defenders,Lee Tae-Seok,Austria Vienna
Group A,South Korea,Hong Myung-Bo,Defenders,Seol Young-Woo,Red Star Belgrade
Group A,South Korea,Hong Myung-Bo,Defenders,Jens Castrop,Borussia Mönchengladbach
Group A,South Korea,Hong Myung-Bo,Defenders,Kim Moon-Hwan,Daejeon Hana
Group A,South Korea,Hong Myung-Bo,Midfielders,Yang Hyun-Jun,Celtic
Group A,South Korea,Hong Myung-Bo,Midfielders,Paik Seung-Ho,Birmingham City
Group A,South Korea,Hong Myung-Bo,Midfielders,Hwang In-Beom,Feyenoord
Group A,South Korea,Hong Myung-Bo,Midfielders,Kim Jin-Kyu,Jeonbuk Hyundai
Group A,South Korea,Hong Myung-Bo,Midfielders,Bae Jun-Ho,Stoke City
Group A,South Korea,Hong Myung-Bo,Midfielders,Um Ji-Sung,Swansea City
Group A,South Korea,Hong Myung-Bo,Midfielders,Hwang Hee-Chan,Wolverhampton
Group A,South Korea,Hong Myung-Bo,Midfielders,Lee Dong-Gyeong,Ulsan HD
Group A,South Korea,Hong Myung-Bo,Midfielders,Lee Jae-Sung,Mainz
Group A,South Korea,Hong Myung-Bo,Midfielders,Lee Kang-In,Paris Saint-Germain
Group A,South Korea,Hong Myung-Bo,Forwards,Oh Hyun-Kyu,Besiktas
Group A,South Korea,Hong Myung-Bo,Forwards,Son Heung-Min,LAFC
Group A,South Korea,Hong Myung-Bo,Forwards,Cho Kyu-Sung,Midtjylland
Group A,Czechia,Miroslav Koubek,Goalkeepers,Lukas Hornicek,Braga
Group A,Czechia,Miroslav Koubek,Goalkeepers,Jan Koutny,Sigma Olomouc
Group A,Czechia,Miroslav Koubek,Goalkeepers,Jindrich Stanek,Slavia Prague
Group A,Czechia,Miroslav Koubek,Defenders,Vladimír Coufal,TSG Hoffenheim
Group A,Czechia,Miroslav Koubek,Defenders,ra,Slavia Prague
Group A,Czechia,Miroslav Koubek,Defenders,Tomáš Holeš,Slavia Prague
Group A,Czechia,Miroslav Koubek,Defenders,,TSG Hoffenheim
Group A,Czechia,Miroslav Koubek,Defenders,pán Chaloupek,Slavia Prague
Group A,Czechia,Miroslav Koubek,Defenders,David Jurásek,Slavia Prague
Group A,Czechia,Miroslav Koubek,Defenders,í,Wolverhampton Wanderers
Group A,Czechia,Miroslav Koubek,Defenders,Jaroslav Zelený,Sparta Prague
Group A,Czechia,Miroslav Koubek,Defenders,David Zima,Slavia Prague
Group A,Czechia,Miroslav Koubek,Midfielders,Lukás Cerv,Viktoria Plzen
Group A,Czechia,Miroslav Koubek,Midfielders,Vladimir Darida,Hradec Kralove
Group A,Czechia,Miroslav Koubek,Midfielders,Lukás Provod,Slavia Prague
Group A,Czechia,Miroslav Koubek,Midfielders,Michal Sadílek,Slavia Prague
Group A,Czechia,Miroslav Koubek,Midfielders,rek,Sparta Prague
Group A,Czechia,Miroslav Koubek,Midfielders,Alexandr Sojka,Viktoria Plzen
Group A,Czechia,Miroslav Koubek,Midfielders,ek,West Ham
Group A,Czechia,Miroslav Koubek,Forwards,Adam Hložek,TSG Hoffenheim
Group A,Czechia,Miroslav Koubek,Forwards,Tomáš Chorý,Slavia Prague
Group A,Czechia,Miroslav Koubek,Forwards,Mojmír Chytil,Slavia Prague
Group A,Czechia,Miroslav Koubek,Forwards,Jan Kuchta,Sparta Prague
Group A,Czechia,Miroslav Koubek,Forwards,Patrik Schick,Bayer Leverkusen
Group A,Czechia,Miroslav Koubek,Forwards,Matej Vydra,Viktoria Plzen
Group A,Czechia,Miroslav Koubek,Forwards,Denis Višinský,Viktoria Plzen
Group B,Canada,Jesse Marsch,Goalkeepers,Dayne St. Clair,Inter Miami
Group B,Canada,Jesse Marsch,Goalkeepers,Maxime Crépeau,Orlando City
Group B,Canada,Jesse Marsch,Goalkeepers,Owen Goodman,Barnsley
Group B,Canada,Jesse Marsch,Defenders,Moïse Bombito,Nice
Group B,Canada,Jesse Marsch,Defenders,Derek Cornelius,Rangers
Group B,Canada,Jesse Marsch,Defenders,Alphonso Davies,Bayern Munich
Group B,Canada,Jesse Marsch,Defenders,Luc De Fougerolles,FCV Dender
Group B,Canada,Jesse Marsch,Defenders,Alistair Johnston,Celtic
Group B,Canada,Jesse Marsch,Defenders,Alfie Jones,Middlesbrough
Group B,Canada,Jesse Marsch,Defenders,Richie Laryea,Toronto FC
Group B,Canada,Jesse Marsch,Defenders,Niko Sigur,Hajduk Split
Group B,Canada,Jesse Marsch,Defenders,Joel Waterman,Chicago Fire
Group B,Canada,Jesse Marsch,Midfielders,Ali Ahmed,Norwich City
Group B,Canada,Jesse Marsch,Midfielders,Tajon Buchanan,Villarreal
Group B,Canada,Jesse Marsch,Midfielders,Mathieu Choinière,LAFC
Group B,Canada,Jesse Marsch,Midfielders,Stephen Eustáquio,LAFC
Group B,Canada,Jesse Marsch,Midfielders,Marcelo Flores,Tigres UANL
Group B,Canada,Jesse Marsch,Midfielders,Ismaël Koné,Sassuolo
Group B,Canada,Jesse Marsch,Midfielders,Liam Millar,Hull City
Group B,Canada,Jesse Marsch,Midfielders,Jonathan Osorio,Toronto FC
Group B,Canada,Jesse Marsch,Midfielders,Nathan Saliba,Anderlecht
Group B,Canada,Jesse Marsch,Midfielders,Jacob Shaffelburg,LAFC
Group B,Canada,Jesse Marsch,Forwards,Jonathan David,Juventus
Group B,Canada,Jesse Marsch,Forwards,Promise David,Royale-Union Saint Gilloise
Group B,Canada,Jesse Marsch,Forwards,Cyle Larin,Southampton
Group B,Canada,Jesse Marsch,Forwards,Tani Oluwaseyi,Villarreal
Group B,Bosnia-Herzegovina,Sergej Barbarez,Goalkeepers,Nikola Vasilj,St Pauli
Group B,Bosnia-Herzegovina,Sergej Barbarez,Goalkeepers,Martin Zlomislic,Rijeka
Group B,Bosnia-Herzegovina,Sergej Barbarez,Goalkeepers,Osman Hadzikic,Slaven Belupo
Group B,Bosnia-Herzegovina,Sergej Barbarez,Defenders,Sead Kolasinac,Atalanta
Group B,Bosnia-Herzegovina,Sergej Barbarez,Defenders,Amar Dedic,Benfica
Group B,Bosnia-Herzegovina,Sergej Barbarez,Defenders,Nihad Mujakic,Gaziantep
Group B,Bosnia-Herzegovina,Sergej Barbarez,Defenders,Nikola Katic,Schalke 04
Group B,Bosnia-Herzegovina,Sergej Barbarez,Defenders,Tarik Muharemovic,Sassuolo
Group B,Bosnia-Herzegovina,Sergej Barbarez,Defenders,Stjepan Radeljic,Rijeka
Group B,Bosnia-Herzegovina,Sergej Barbarez,Defenders,Dennis Hadzikadunic,Sampdoria
Group B,Bosnia-Herzegovina,Sergej Barbarez,Defenders,Nidal Celik,Lens
Group B,Bosnia-Herzegovina,Sergej Barbarez,Midfielders,Amir Hadziahmetovic,Hull City
Group B,Bosnia-Herzegovina,Sergej Barbarez,Midfielders,Ivan Sunjic,Pafos
Group B,Bosnia-Herzegovina,Sergej Barbarez,Midfielders,Ivan Basic,Astana
Group B,Bosnia-Herzegovina,Sergej Barbarez,Midfielders,Dzenis Burnic,Karlsruher SC
Group B,Bosnia-Herzegovina,Sergej Barbarez,Midfielders,Ermin Mahmic,Slovan Liberec
Group B,Bosnia-Herzegovina,Sergej Barbarez,Midfielders,Benjamin Tahirovic,Brondby
Group B,Bosnia-Herzegovina,Sergej Barbarez,Midfielders,Amar Memic,Viktoria Plzen
Group B,Bosnia-Herzegovina,Sergej Barbarez,Midfielders,Armin Gigovic,Young Boys
Group B,Bosnia-Herzegovina,Sergej Barbarez,Midfielders,Kerim Alajbegovic,RB Salzburg
Group B,Bosnia-Herzegovina,Sergej Barbarez,Midfielders,Esmir Bajraktarevic,PSV Eindhoven
Group B,Bosnia-Herzegovina,Sergej Barbarez,Forwards,Ermedin Demirovic,VfB Stuttgart
Group B,Bosnia-Herzegovina,Sergej Barbarez,Forwards,Jovo Lukic,Universitatea Cluj
Group B,Bosnia-Herzegovina,Sergej Barbarez,Forwards,Samed Bazdar,Jagiellonia Bialystok
Group B,Bosnia-Herzegovina,Sergej Barbarez,Forwards,Haris Tabakovic,Borussia Moenchengladbach
Group B,Bosnia-Herzegovina,Sergej Barbarez,Forwards,Edin Dzeko,Schalke 04
Group B,Qatar,Julen Lopetegui,Goalkeepers,Salah Zakaria,Al Duhail
Group B,Qatar,Julen Lopetegui,Goalkeepers,Meshaal Barsham,Al Sadd
Group B,Qatar,Julen Lopetegui,Goalkeepers,Mahmoud Abunada,Al Rayyan
Group B,Qatar,Julen Lopetegui,Defenders,Boualem Khoukhi,Al Sadd
Group B,Qatar,Julen Lopetegui,Defenders,Pedro Miguel,Al Sadd
Group B,Qatar,Julen Lopetegui,Defenders,Sultan Al Brake,Al Duhail
Group B,Qatar,Julen Lopetegui,Defenders,Al-Hashmi Al-Hussain,Al Arabi
Group B,Qatar,Julen Lopetegui,Defenders,Ayoub Al-Alawi,Al Gharafa
Group B,Qatar,Julen Lopetegui,Defenders,Issa Laye,Al Arabi
Group B,Qatar,Julen Lopetegui,Defenders,Lucas Mendes,Al Wakrah
Group B,Qatar,Julen Lopetegui,Defenders,Homam Al-Amin,Cultural Leonesa
Group B,Qatar,Julen Lopetegui,Midfielders,Ahmed Fathi,Al Arabi
Group B,Qatar,Julen Lopetegui,Midfielders,Jassim Gaber,Al Rayyan
Group B,Qatar,Julen Lopetegui,Midfielders,Assim Madibo,Al Wakrah
Group B,Qatar,Julen Lopetegui,Midfielders,Abdulaziz Hatem,Al Rayyan
Group B,Qatar,Julen Lopetegui,Midfielders,Karim Boudiaf,Al Duhail
Group B,Qatar,Julen Lopetegui,Midfielders,Mohammed Mannai,Al Shamal
Group B,Qatar,Julen Lopetegui,Forwards,Almoez Ali,Al Duhail
Group B,Qatar,Julen Lopetegui,Forwards,Akram Afif,Al Sadd
Group B,Qatar,Julen Lopetegui,Forwards,Tahsin Mohammed,Al Duhail
Group B,Qatar,Julen Lopetegui,Forwards,Edmílson Junior,Al Duhail
Group B,Qatar,Julen Lopetegui,Forwards,Ahmed Al-Ganehi,Al Gharafa
Group B,Qatar,Julen Lopetegui,Forwards,Ahmed Alaa,Al Rayyan
Group B,Qatar,Julen Lopetegui,Forwards,Hassan Al-Haydos,Al Sadd
Group B,Qatar,Julen Lopetegui,Forwards,Mohammed Muntari,Al Gharafa
Group B,Qatar,Julen Lopetegui,Forwards,Yusuf Abdurisag,Al Wakrah
Group B,Switzerland,Murat Yakin,Goalkeepers,Gregor Kobel,Borussia Dortmund
Group B,Switzerland,Murat Yakin,Goalkeepers,Yvon Mvogo,Lorient
Group B,Switzerland,Murat Yakin,Goalkeepers,Marvin Keller,Young Boys
Group B,Switzerland,Murat Yakin,Defenders,Manuel Akanji,Inter Milan
Group B,Switzerland,Murat Yakin,Defenders,Nico Elvedi,Borussia Mönchengladbach
Group B,Switzerland,Murat Yakin,Defenders,Ricardo Rodriguez,Real Betis
Group B,Switzerland,Murat Yakin,Defenders,Silvan Widmer,Mainz
Group B,Switzerland,Murat Yakin,Defenders,Miro Muheim,Hamburger SV
Group B,Switzerland,Murat Yakin,Defenders,Aurèle Amenda,Eintracht Frankfurt
Group B,Switzerland,Murat Yakin,Defenders,Eray Cömert,Valencia
Group B,Switzerland,Murat Yakin,Defenders,Luca Jaquez,Stuttgart
Group B,Switzerland,Murat Yakin,Midfielders,Granit Xhaka,Sunderland
Group B,Switzerland,Murat Yakin,Midfielders,Johan Manzambi,Freiburg
Group B,Switzerland,Murat Yakin,Midfielders,Remo Freuler,Bologna
Group B,Switzerland,Murat Yakin,Midfielders,Denis Zakaria,Monaco
Group B,Switzerland,Murat Yakin,Midfielders,Ardon Jashari,AC Milan
Group B,Switzerland,Murat Yakin,Midfielders,Djibril Sow,Sevilla
Group B,Switzerland,Murat Yakin,Midfielders,Christian Fassnacht,Young Boys
Group B,Switzerland,Murat Yakin,Midfielders,Michel Aebischer,Pisa
Group B,Switzerland,Murat Yakin,Midfielders,Fabian Rieder,Augsburg
Group B,Switzerland,Murat Yakin,Midfielders,Rubén Vargas,Sevilla
Group B,Switzerland,Murat Yakin,Forwards,Breel Embolo,Rennes
Group B,Switzerland,Murat Yakin,Forwards,Noah Okafor,Leeds
Group B,Switzerland,Murat Yakin,Forwards,Dan Ndoye,Nottingham Forest
Group B,Switzerland,Murat Yakin,Forwards,Zeki Amdouni,Burnley
Group B,Switzerland,Murat Yakin,Forwards,Cedric Itten,Fortuna Dusseldorf
Group C,Brazil,Carlo Ancelotti,Goalkeepers,Alisson,Liverpool
Group C,Brazil,Carlo Ancelotti,Goalkeepers,Éderson,Fenerbahce
Group C,Brazil,Carlo Ancelotti,Goalkeepers,Weverton,Grêmio
Group C,Brazil,Carlo Ancelotti,Defenders,Alex Sandro,Flamengo
Group C,Brazil,Carlo Ancelotti,Defenders,Bremer,Juventus
Group C,Brazil,Carlo Ancelotti,Defenders,Danilo,Flamengo
Group C,Brazil,Carlo Ancelotti,Defenders,Douglas Santos,Zenit St. Petersburg
Group C,Brazil,Carlo Ancelotti,Defenders,Gabriel Magalhães,Arsenal
Group C,Brazil,Carlo Ancelotti,Defenders,Léo Pereira,Flamengo
Group C,Brazil,Carlo Ancelotti,Defenders,Marquinhos,Paris Saint-Germain
Group C,Brazil,Carlo Ancelotti,Defenders,Roger Ibañez,Al Ahli
Group C,Brazil,Carlo Ancelotti,Defenders,Wesley,AS Roma
Group C,Brazil,Carlo Ancelotti,Midfielders,Bruno Guimarães,Newcastle United
Group C,Brazil,Carlo Ancelotti,Midfielders,Casemiro,Manchester United
Group C,Brazil,Carlo Ancelotti,Midfielders,Danilo Santos,Botafogo
Group C,Brazil,Carlo Ancelotti,Midfielders,Fabinho,Al Ittihad
Group C,Brazil,Carlo Ancelotti,Midfielders,Lucas Paquetá,Flamengo
Group C,Brazil,Carlo Ancelotti,Forwards,Endrick,Lyon
Group C,Brazil,Carlo Ancelotti,Forwards,Gabriel Martinelli,Arsenal
Group C,Brazil,Carlo Ancelotti,Forwards,Igor Thiago,Brentford
Group C,Brazil,Carlo Ancelotti,Forwards,Luiz Henrique,Zenit St. Petersburg
Group C,Brazil,Carlo Ancelotti,Forwards,Matheus Cunha,Manchester United
Group C,Brazil,Carlo Ancelotti,Forwards,Neymar,Santos
Group C,Brazil,Carlo Ancelotti,Forwards,Raphinha,Barcelona
Group C,Brazil,Carlo Ancelotti,Forwards,Rayan,Bournemouth
Group C,Brazil,Carlo Ancelotti,Forwards,Vinícius Júnior,Real Madrid
Group C,Morocco,Mohamed Ouahbi,Goalkeepers,Yassine Bounou,Al Hilal
Group C,Morocco,Mohamed Ouahbi,Goalkeepers,Munir El Kajoui,RS Berkane
Group C,Morocco,Mohamed Ouahbi,Goalkeepers,Reda Tagnaouti,AS Far
Group C,Morocco,Mohamed Ouahbi,Defenders,Noussair Mazraoui,Manchester United
Group C,Morocco,Mohamed Ouahbi,Defenders,Anass Salah-Eddine,PSV Eindhoven
Group C,Morocco,Mohamed Ouahbi,Defenders,Youssef Belammari,Al Ahly
Group C,Morocco,Mohamed Ouahbi,Defenders,Achraf Hakimi,Paris Saint-Germain
Group C,Morocco,Mohamed Ouahbi,Defenders,Zakaria El Ouahdi,Racing Genk
Group C,Morocco,Mohamed Ouahbi,Defenders,Chadi Riad,Crystal Palace
Group C,Morocco,Mohamed Ouahbi,Defenders,Nayef Aguerd,Marseille
Group C,Morocco,Mohamed Ouahbi,Defenders,Redouane Halhal,KV Mechelen
Group C,Morocco,Mohamed Ouahbi,Defenders,Issa Diop,Fulham
Group C,Morocco,Mohamed Ouahbi,Midfielders,Samir El Mourabet,Strasbourg
Group C,Morocco,Mohamed Ouahbi,Midfielders,Ayyoub Bouaddi,Lille
Group C,Morocco,Mohamed Ouahbi,Midfielders,Neil El Aynaoui,AS Roma
Group C,Morocco,Mohamed Ouahbi,Midfielders,Sofyan Amrabat,Real Betis
Group C,Morocco,Mohamed Ouahbi,Midfielders,Azzedine Ounahi,Girona
Group C,Morocco,Mohamed Ouahbi,Midfielders,Bilal El Khannouss,Stuttgart
Group C,Morocco,Mohamed Ouahbi,Midfielders,Ismael Saibari,PSV Eindhoven
Group C,Morocco,Mohamed Ouahbi,Forwards,Abde Ezzalzouli,Real Betis
Group C,Morocco,Mohamed Ouahbi,Forwards,Chemsdine Talbi,Sunderland
Group C,Morocco,Mohamed Ouahbi,Forwards,Soufiane Rahimi,Al Ain
Group C,Morocco,Mohamed Ouahbi,Forwards,Ayoub El Kaabi,Olympiacos
Group C,Morocco,Mohamed Ouahbi,Forwards,Brahim Díaz,Real Madrid
Group C,Morocco,Mohamed Ouahbi,Forwards,Gessime Yassine,Strasbourg
Group C,Morocco,Mohamed Ouahbi,Forwards,Ayoube Amaimouni,Eintracht Frankfurt
Group C,Haiti,Sebastien Migne,Goalkeepers,Johny Placide,Bastia
Group C,Haiti,Sebastien Migne,Goalkeepers,Alexandre Pierre,Sochaux
Group C,Haiti,Sebastien Migne,Goalkeepers,Josue Duverger,Cosmos Koblenz
Group C,Haiti,Sebastien Migne,Defenders,Carlens Arcus,Angers
Group C,Haiti,Sebastien Migne,Defenders,Wilguens Paugain,Zulte Waregem
Group C,Haiti,Sebastien Migne,Defenders,Duke Lacroix,Colorado Springs Switchbacks
Group C,Haiti,Sebastien Migne,Defenders,Martin Expérience,Nancy
Group C,Haiti,Sebastien Migne,Defenders,Jean-Kévin Duverne,Gent
Group C,Haiti,Sebastien Migne,Defenders,Ricardo Adé,LDU Quito
Group C,Haiti,Sebastien Migne,Defenders,Hannes Delcroix,Lugano
Group C,Haiti,Sebastien Migne,Defenders,Keeto Thermoncy,Young Boys
Group C,Haiti,Sebastien Migne,Midfielders,Carl Fred Sainté,El Paso Locomotive
Group C,Haiti,Sebastien Migne,Midfielders,Leverton Pierre,Vizela
Group C,Haiti,Sebastien Migne,Midfielders,Danley Jean Jacques,Philadelphia Union
Group C,Haiti,Sebastien Migne,Midfielders,Jean-Ricner Bellegarde,Wolverhampton Wanderers
Group C,Haiti,Sebastien Migne,Midfielders,Woodensky Pierre,Violette
Group C,Haiti,Sebastien Migne,Midfielders,Dominique Simon,FC Tatran Prešov
Group C,Haiti,Sebastien Migne,Forwards,Don Deedson Louicius,FC Dallas
Group C,Haiti,Sebastien Migne,Forwards,Josué Casimir,Auxerre
Group C,Haiti,Sebastien Migne,Forwards,Derrick Etienne,Toronto FC
Group C,Haiti,Sebastien Migne,Forwards,Ruben Providence,Almere
Group C,Haiti,Sebastien Migne,Forwards,Duckens Nazon,Esteghlal
Group C,Haiti,Sebastien Migne,Forwards,Frantzdy Pierrot,Çaykur Rizespor
Group C,Haiti,Sebastien Migne,Forwards,Wilson Isidor,Sunderland
Group C,Haiti,Sebastien Migne,Forwards,Yassin Fortuné,Vizela
Group C,Haiti,Sebastien Migne,Forwards,Lenny Joseph,Ferencváros
Group C,Scotland,Steve Clarke,Goalkeepers,Craig Gordon,Hearts
Group C,Scotland,Steve Clarke,Goalkeepers,Angus Gunn,Nottingham Forest
Group C,Scotland,Steve Clarke,Goalkeepers,Liam Kelly,Rangers
Group C,Scotland,Steve Clarke,Defenders,Grant Hanley,Hibernian
Group C,Scotland,Steve Clarke,Defenders,Jack Hendry,Al Etiffaq
Group C,Scotland,Steve Clarke,Defenders,Aaron Hickey,Brentford
Group C,Scotland,Steve Clarke,Defenders,Dom Hyam,Wrexham
Group C,Scotland,Steve Clarke,Defenders,Scott McKenna,Dinamo Zagreb
Group C,Scotland,Steve Clarke,Defenders,Nathan Patterson,Everton
Group C,Scotland,Steve Clarke,Defenders,Anthony Ralston,Celtic
Group C,Scotland,Steve Clarke,Defenders,Andy Robertson,Liverpool
Group C,Scotland,Steve Clarke,Defenders,John Souttar,Rangers
Group C,Scotland,Steve Clarke,Defenders,Kieran Tierney,Celtic
Group C,Scotland,Steve Clarke,Midfielders,Ryan Christie,Bournemouth
Group C,Scotland,Steve Clarke,Midfielders,Finlay Curtis,Kilmarnock
Group C,Scotland,Steve Clarke,Midfielders,Lewis Ferguson,Bologna
Group C,Scotland,Steve Clarke,Midfielders,Ben Gannon-Doak,Bournemouth
Group C,Scotland,Steve Clarke,Midfielders,Billy Gilmour,Napoli
Group C,Scotland,Steve Clarke,Midfielders,John McGinn,Aston Villa
Group C,Scotland,Steve Clarke,Midfielders,Kenny McLean,Norwich
Group C,Scotland,Steve Clarke,Midfielders,Scott McTominay,Napoli
Group C,Scotland,Steve Clarke,Forwards,Ché Adams,Torino
Group C,Scotland,Steve Clarke,Forwards,Lyndon Dykes,Charlton Athletic
Group C,Scotland,Steve Clarke,Forwards,George Hirst,Ipswich
Group C,Scotland,Steve Clarke,Forwards,Lawrence Shankland,Hearts
Group C,Scotland,Steve Clarke,Forwards,Ross Stewart,Southampton
Group D,United States,Mauricio Pochettino,Goalkeepers,Chris Brady,Chicago Fire
Group D,United States,Mauricio Pochettino,Goalkeepers,Matt Freese,New York City FC
Group D,United States,Mauricio Pochettino,Goalkeepers,Matt Turner,New England Revolution
Group D,United States,Mauricio Pochettino,Defenders,Max Arfsten,Columbus Crew
Group D,United States,Mauricio Pochettino,Defenders,Sergiño Dest,PSV Eindhoven
Group D,United States,Mauricio Pochettino,Defenders,Alex Freeman,Villarreal
Group D,United States,Mauricio Pochettino,Defenders,Mark McKenzie,Toulouse
Group D,United States,Mauricio Pochettino,Defenders,Tim Ream,Charlotte FC
Group D,United States,Mauricio Pochettino,Defenders,Chris Richards,Crystal Palace
Group D,United States,Mauricio Pochettino,Defenders,Antonee Robinson,Fulham
Group D,United States,Mauricio Pochettino,Defenders,Miles Robinson,FC Cincinnati
Group D,United States,Mauricio Pochettino,Defenders,Joe Scally,Borussia Mönchengladbach
Group D,United States,Mauricio Pochettino,Defenders,Auston Trusty,Celtic
Group D,United States,Mauricio Pochettino,Midfielders,Tyler Adams,"AFC Bournemouth, Sebastian Berhalter (Vancouver Whitecaps"
Group D,United States,Mauricio Pochettino,Midfielders,Weston McKennie,Juventus
Group D,United States,Mauricio Pochettino,Midfielders,Cristian Roldan,Seattle Sounders
Group D,United States,Mauricio Pochettino,Midfielders,Brenden Aaronson,Leeds United
Group D,United States,Mauricio Pochettino,Midfielders,Malik Tillman,Bayer Leverkusen
Group D,United States,Mauricio Pochettino,Midfielders,Tim Weah,Marseille
Group D,United States,Mauricio Pochettino,Midfielders,Alejandro Zendejas,Club América
Group D,United States,Mauricio Pochettino,Forwards,Christian Pulisic,AC Milan
Group D,United States,Mauricio Pochettino,Forwards,Gio Reyna,Borussia Mönchengladbach
Group D,United States,Mauricio Pochettino,Forwards,Folarin Balogun,AS Monaco
Group D,United States,Mauricio Pochettino,Forwards,Ricardo Pepi,PSV Eindhoven
Group D,United States,Mauricio Pochettino,Forwards,Haji Wright,Coventry City
Group D,Australia,Tony Popovic,Goalkeepers,Mathew Ryan,Levante
Group D,Australia,Tony Popovic,Goalkeepers,Paul Izzo,Randers FC
Group D,Australia,Tony Popovic,Goalkeepers,Patrick Beach,Melbourne City
Group D,Australia,Tony Popovic,Defenders,Jordan Bos,Feyenoord Rotterdam
Group D,Australia,Tony Popovic,Defenders,Aziz Behich,Melbourne City
Group D,Australia,Tony Popovic,Defenders,Harry Souttar,Leicester City
Group D,Australia,Tony Popovic,Defenders,Alessandro Circati,Parma
Group D,Australia,Tony Popovic,Defenders,Lucas Herrington,Colorado Rapids
Group D,Australia,Tony Popovic,Defenders,Cameron Burgess,Swansea City
Group D,Australia,Tony Popovic,Defenders,Kai Trewin,New York City FC
Group D,Australia,Tony Popovic,Defenders,Milos Degenek,Apoel Nicosia
Group D,Australia,Tony Popovic,Defenders,Jason Geria,Albirex Niigata
Group D,Australia,Tony Popovic,Defenders,Jacob Italiano,Grazer AK
Group D,Australia,Tony Popovic,Midfielders,Jackson Irvine,St. Pauli
Group D,Australia,Tony Popovic,Midfielders,Aiden O'Neill,New York City FC
Group D,Australia,Tony Popovic,Midfielders,Paul Okon Jr,Sydney FC
Group D,Australia,Tony Popovic,Midfielders,Cameron Devlin,Heart of Midlothian
Group D,Australia,Tony Popovic,Forwards,Connor Metcalfe,St. Pauli
Group D,Australia,Tony Popovic,Forwards,Mathew Leckie,Melbourne City
Group D,Australia,Tony Popovic,Forwards,Nishan Velupillay,Melbourne Victory
Group D,Australia,Tony Popovic,Forwards,Cristian Volpato,Sassuolo
Group D,Australia,Tony Popovic,Forwards,Nestory Irankunda,Watford
Group D,Australia,Tony Popovic,Forwards,Awer Mabil,Castellón
Group D,Australia,Tony Popovic,Forwards,Ajdin Hrustic,Heracles Almelo
Group D,Australia,Tony Popovic,Forwards,Mohamed Toure,Norwich City
Group D,Australia,Tony Popovic,Forwards,Tete Yengi,Machida Zelvia
Group D,Paraguay,Gustavo Alfaro,Goalkeepers,Roberto Fernández,Cerro Porteño
Group D,Paraguay,Gustavo Alfaro,Goalkeepers,Orlando Gill,San Lorenzo
Group D,Paraguay,Gustavo Alfaro,Goalkeepers,Gastón Olveira,Olimpia
Group D,Paraguay,Gustavo Alfaro,Defenders,Gustavo Gómez,Palmeiras
Group D,Paraguay,Gustavo Alfaro,Defenders,Júnior Alonso,Atletico Mineiro
Group D,Paraguay,Gustavo Alfaro,Defenders,Fabián Balbuena,Gremio
Group D,Paraguay,Gustavo Alfaro,Defenders,Omar Alderete,Sunderland
Group D,Paraguay,Gustavo Alfaro,Defenders,Juan Caceres,Dynamo Moscow
Group D,Paraguay,Gustavo Alfaro,Defenders,Jose Canale,Lanus
Group D,Paraguay,Gustavo Alfaro,Defenders,Alexandro Maidana,Talleres
Group D,Paraguay,Gustavo Alfaro,Defenders,Gustavo Velázquez,Cerro Porteño
Group D,Paraguay,Gustavo Alfaro,Midfielders,Miguel Almirón,Atlanta United
Group D,Paraguay,Gustavo Alfaro,Midfielders,Kaku,Al Ain
Group D,Paraguay,Gustavo Alfaro,Midfielders,Andrés Cubas,Vancouver Whitecaps
Group D,Paraguay,Gustavo Alfaro,Midfielders,Ramón Sosa,Palmeiras
Group D,Paraguay,Gustavo Alfaro,Midfielders,Diego Gómez,Brighton & Hove Albion
Group D,Paraguay,Gustavo Alfaro,Midfielders,Damián Bobadilla,São Paulo
Group D,Paraguay,Gustavo Alfaro,Midfielders,Braian Ojeda,Orlando City
Group D,Paraguay,Gustavo Alfaro,Midfielders,Matías Galarza,Atlanta United
Group D,Paraguay,Gustavo Alfaro,Midfielders,Maurício,Palmeiras
Group D,Paraguay,Gustavo Alfaro,Forwards,Antonio Sanabria,Cremonese
Group D,Paraguay,Gustavo Alfaro,Forwards,Julio Enciso,Strasbourg
Group D,Paraguay,Gustavo Alfaro,Forwards,Gabriel Ávalos,Independiente
Group D,Paraguay,Gustavo Alfaro,Forwards,Alex Arce,Independiente Rivadavia
Group D,Paraguay,Gustavo Alfaro,Forwards,Isidro Pitta,Red Bull Bragantino
Group D,Paraguay,Gustavo Alfaro,Forwards,Gustavo Caballero,Portsmouth
Group D,Türkiye,Vincenzo Montella,Goalkeepers,Ugurcan Cakir,Galatasaray
Group D,Türkiye,Vincenzo Montella,Goalkeepers,Mert Gunok,Fenerbahce
Group D,Türkiye,Vincenzo Montella,Goalkeepers,Altay Bayindir,Man United
Group D,Türkiye,Vincenzo Montella,Defenders,Merih Demiral,Al-Ahli
Group D,Türkiye,Vincenzo Montella,Defenders,Zeki Celik,AS Roma
Group D,Türkiye,Vincenzo Montella,Defenders,Caglar Soyuncu,Fenerbahce
Group D,Türkiye,Vincenzo Montella,Defenders,Mert Muldur,Fenerbahce
Group D,Türkiye,Vincenzo Montella,Defenders,Ferdi Kadioglu,Brighton & Hove Albion
Group D,Türkiye,Vincenzo Montella,Defenders,Ozan Kabak,TSG Hoffenheim
Group D,Türkiye,Vincenzo Montella,Defenders,Abdulkerim Bardakci,Galatasaray
Group D,Türkiye,Vincenzo Montella,Defenders,Eren Elmali,Galatasaray
Group D,Türkiye,Vincenzo Montella,Defenders,Samet Akaydin,Caykur Rizesport
Group D,Türkiye,Vincenzo Montella,Midfielders,Hakan Calhanoglou,"Inter Milan, Kaan Ayhan (Galatasaray"
Group D,Türkiye,Vincenzo Montella,Midfielders,Orkun Kokcu,Besiktas
Group D,Türkiye,Vincenzo Montella,Midfielders,Ismail Yuksek,Fenerbahce
Group D,Türkiye,Vincenzo Montella,Midfielders,Salih Ozcan,Borussia Dortmund
Group D,Türkiye,Vincenzo Montella,Forwards,Kerem Akturkoglu,Fenerbahce
Group D,Türkiye,Vincenzo Montella,Forwards,Irfan Can Kahveci,Kasimpasa
Group D,Türkiye,Vincenzo Montella,Forwards,Baris Apler Yilmaz,Galatasaray
Group D,Türkiye,Vincenzo Montella,Forwards,Arda Guler,Real Madrid
Group D,Türkiye,Vincenzo Montella,Forwards,Kenan Yildiz,Juventus
Group D,Türkiye,Vincenzo Montella,Forwards,Yunus Akgun,Galatasaray
Group D,Türkiye,Vincenzo Montella,Forwards,Oguz Aydin,Fenerbahce
Group D,Türkiye,Vincenzo Montella,Forwards,Deniz Gul,Porto
Group D,Türkiye,Vincenzo Montella,Forwards,Can Uzun,Eintracht Frankfurt
Group E,Germany,Julian Nagelsmann,Goalkeepers,Oliver Baumann,Hoffenheim
Group E,Germany,Julian Nagelsmann,Goalkeepers,Manuel Neuer,Bayern Munich
Group E,Germany,Julian Nagelsmann,Goalkeepers,Alexander Nübel,Stuttgart
Group E,Germany,Julian Nagelsmann,Defenders,Waldemar Anton,Borussia Dortmund
Group E,Germany,Julian Nagelsmann,Defenders,Nathaniel Brown,Eintracht Frankfurt
Group E,Germany,Julian Nagelsmann,Defenders,David Raum,RB Leipzig
Group E,Germany,Julian Nagelsmann,Defenders,Antonio Rüdiger,Real Madrid
Group E,Germany,Julian Nagelsmann,Defenders,Nico Schlotterbeck,Borussia Dortmund
Group E,Germany,Julian Nagelsmann,Defenders,Jonathan Tah,Bayern Munich
Group E,Germany,Julian Nagelsmann,Defenders,Malick Thiaw,Newcastle
Group E,Germany,Julian Nagelsmann,Midfielders,Pascal Gross,Brighton
Group E,Germany,Julian Nagelsmann,Midfielders,Joshua Kimmich,Bayern Munich
Group E,Germany,Julian Nagelsmann,Midfielders,Felix Nmecha,Borussia Dortmund
Group E,Germany,Julian Nagelsmann,Midfielders,Aleksandar Pavlovic,Bayern Munich
Group E,Germany,Julian Nagelsmann,Midfielders,Angelo Stiller,Stuttgart
Group E,Germany,Julian Nagelsmann,Midfielders,Leon Goretzka,Bayern Munich
Group E,Germany,Julian Nagelsmann,Midfielders,Florian Wirtz,Liverpool
Group E,Germany,Julian Nagelsmann,Midfielders,Jamie Leweling,Stuttgart
Group E,Germany,Julian Nagelsmann,Forwards,Maximilian Beier,Borussia Dortmund
Group E,Germany,Julian Nagelsmann,Forwards,Kai Havertz,Arsenal
Group E,Germany,Julian Nagelsmann,Forwards,Lennart Karl,Bayern Munich
Group E,Germany,Julian Nagelsmann,Forwards,Jamal Musiala,Bayern Munich
Group E,Germany,Julian Nagelsmann,Forwards,Leroy Sané,Galatasaray
Group E,Germany,Julian Nagelsmann,Forwards,Deniz Undav,Stuttgart
Group E,Germany,Julian Nagelsmann,Forwards,Nick Woltemade,Newcastle
Group E,Curacao,Dick Advocaat,Goalkeepers,Eloy Room,Miami FC
Group E,Curacao,Dick Advocaat,Goalkeepers,Tyrick Bodak,Telstar
Group E,Curacao,Dick Advocaat,Goalkeepers,Trevor Doornbusch,VVV Venlo
Group E,Curacao,Dick Advocaat,Defenders,Riechedly Bazoer,Konyaspor
Group E,Curacao,Dick Advocaat,Defenders,Joshua Brenet,Kayserispor
Group E,Curacao,Dick Advocaat,Defenders,Roshon van Eijma,RKC Waalwijk
Group E,Curacao,Dick Advocaat,Defenders,Sherel Floranus,PEC Zwolle
Group E,Curacao,Dick Advocaat,Defenders,Deveron Fonville,NEC Nijmegen
Group E,Curacao,Dick Advocaat,Defenders,Jurien Gaari,Abha
Group E,Curacao,Dick Advocaat,Defenders,Armando Obispo,PSV Eindhoven
Group E,Curacao,Dick Advocaat,Defenders,Shurandy Sambo,Sparta Rotterdam
Group E,Curacao,Dick Advocaat,Midfielders,Juninho Bacuna,Volendam
Group E,Curacao,Dick Advocaat,Midfielders,Leandro Bacuna,Igdir
Group E,Curacao,Dick Advocaat,Midfielders,Livano Comenencia,Zurich
Group E,Curacao,Dick Advocaat,Midfielders,Kevin Felida,Den Bosch
Group E,Curacao,Dick Advocaat,Midfielders,Ar'jany Martha,Rotherham United
Group E,Curacao,Dick Advocaat,Midfielders,Tyrese Noslin,Telstar
Group E,Curacao,Dick Advocaat,Midfielders,Godfried Roemeratoe,RKC Waalwijk
Group E,Curacao,Dick Advocaat,Forwards,Jeremy Antonisse,Kifisia
Group E,Curacao,Dick Advocaat,Forwards,Tahith Chong,Sheffield United
Group E,Curacao,Dick Advocaat,Forwards,Kenji Gorre,Maccabi Haifa
Group E,Curacao,Dick Advocaat,Forwards,Sontje Hansen,Middlesbrough
Group E,Curacao,Dick Advocaat,Forwards,Gervane Kastaneer,Terengganu
Group E,Curacao,Dick Advocaat,Forwards,Brandley Kuwas,Volendam
Group E,Curacao,Dick Advocaat,Forwards,Jurgen Locadia,Miami FC
Group E,Curacao,Dick Advocaat,Forwards,Jearl Margaritha,Beveren
Group E,Ivory Coast,Emerse Faé,Goalkeepers,Yahia Fofana,Rizespor
Group E,Ivory Coast,Emerse Faé,Goalkeepers,Mohamed Koné,Charleroi
Group E,Ivory Coast,Emerse Faé,Goalkeepers,Alban Lafont,Panathinaikos
Group E,Ivory Coast,Emerse Faé,Defenders,Emmanuel Agbadou,Beşiktaş
Group E,Ivory Coast,Emerse Faé,Defenders,Clément Akpa,AJ Auxerre
Group E,Ivory Coast,Emerse Faé,Defenders,Ousmane Diomande,Sporting CP
Group E,Ivory Coast,Emerse Faé,Defenders,Guela Doué,Strasbourg
Group E,Ivory Coast,Emerse Faé,Defenders,Ghislain Konan,Gil Vicente
Group E,Ivory Coast,Emerse Faé,Defenders,Odilon Kossounou,Atalanta
Group E,Ivory Coast,Emerse Faé,Defenders,Evan Ndicka,AS Roma
Group E,Ivory Coast,Emerse Faé,Defenders,Wilfried Singo,Galatasaray
Group E,Ivory Coast,Emerse Faé,Midfielders,Seko Fofana,Porto
Group E,Ivory Coast,Emerse Faé,Midfielders,Parfait Guiagon,Charleroi
Group E,Ivory Coast,Emerse Faé,Midfielders,Franck Kessié,Al Ahli
Group E,Ivory Coast,Emerse Faé,Midfielders,Christ Inao Oulaï,Trabzonspor
Group E,Ivory Coast,Emerse Faé,Midfielders,Ibrahim Sangaré,Nottingham Forest
Group E,Ivory Coast,Emerse Faé,Midfielders,Jean Michaël Seri,NK Maribor
Group E,Ivory Coast,Emerse Faé,Forwards,Simon Adingra,AS Monaco
Group E,Ivory Coast,Emerse Faé,Forwards,Ange-Yoan Bonny,Internazionale
Group E,Ivory Coast,Emerse Faé,Forwards,Amad Diallo,Manchester United
Group E,Ivory Coast,Emerse Faé,Forwards,Oumar Diakité,Cercle Brugge
Group E,Ivory Coast,Emerse Faé,Forwards,Yan Diomande,RB Leipzig
Group E,Ivory Coast,Emerse Faé,Forwards,Evann Guessand,Aston Villa
Group E,Ivory Coast,Emerse Faé,Forwards,Nicolas Pépé,Villarreal
Group E,Ivory Coast,Emerse Faé,Forwards,Bazoumana Touré,Hoffenheim
Group E,Ivory Coast,Emerse Faé,Forwards,Elye Wahi,Nice
Group E,Ecuador,Sebastián Beccacece,Goalkeepers,Hernán Galíndez,Huracan
Group E,Ecuador,Sebastián Beccacece,Goalkeepers,Moisés Ramírez,AE Kifisias
Group E,Ecuador,Sebastián Beccacece,Goalkeepers,Gonzalo Valle,LDU Quito
Group E,Ecuador,Sebastián Beccacece,Defenders,Willian Pacho,Paris Saint-Germain
Group E,Ecuador,Sebastián Beccacece,Defenders,Piero Hincapié,Arsenal
Group E,Ecuador,Sebastián Beccacece,Defenders,Joel Ordóñez,Club Brugge
Group E,Ecuador,Sebastián Beccacece,Defenders,Félix Torres,Internacional
Group E,Ecuador,Sebastián Beccacece,Defenders,Pervis Estupiñán,AC Milan
Group E,Ecuador,Sebastián Beccacece,Defenders,Yaimar Medina,Racing Genk
Group E,Ecuador,Sebastián Beccacece,Defenders,Ángelo Preciado,Atlético Mineiro
Group E,Ecuador,Sebastián Beccacece,Defenders,Jackson Porozo,Club Tijuana
Group E,Ecuador,Sebastián Beccacece,Midfielders,Alan Minda,Atlético Mineiro
Group E,Ecuador,Sebastián Beccacece,Midfielders,Moisés Caicedo,Chelsea
Group E,Ecuador,Sebastián Beccacece,Midfielders,Jordy Alcivar,Independiente del Valle
Group E,Ecuador,Sebastián Beccacece,Midfielders,Denil Castillo,FC Midtjylland
Group E,Ecuador,Sebastián Beccacece,Midfielders,John Yeboah,Venezia
Group E,Ecuador,Sebastián Beccacece,Midfielders,Alan Franco,Atlético Mineiro
Group E,Ecuador,Sebastián Beccacece,Midfielders,Pedro Vite,Pumas UNAM
Group E,Ecuador,Sebastián Beccacece,Midfielders,Kendry Páez,River Plate
Group E,Ecuador,Sebastián Beccacece,Midfielders,Nilson Angulo,Sunderland
Group E,Ecuador,Sebastián Beccacece,Midfielders,Gonzalo Plata,Flamengo
Group E,Ecuador,Sebastián Beccacece,Forwards,Kevin Rodríguez,Union St.-Gilloise
Group E,Ecuador,Sebastián Beccacece,Forwards,Anthony Valencia,Antwerp
Group E,Ecuador,Sebastián Beccacece,Forwards,Enner Valencia,Pachuca
Group E,Ecuador,Sebastián Beccacece,Forwards,Jordy Caicedo,Huracán
Group E,Ecuador,Sebastián Beccacece,Forwards,Jeremy Arévalo,VfB Stuttgart
Group F,Netherlands,Ronald Koeman,Goalkeepers,Mark Flekken,Bayer Leverkusen
Group F,Netherlands,Ronald Koeman,Goalkeepers,Robin Roefs,Sunderland
Group F,Netherlands,Ronald Koeman,Goalkeepers,Bart Verbruggen,Brighton
Group F,Netherlands,Ronald Koeman,Defenders,Nathan Aké,Manchester City
Group F,Netherlands,Ronald Koeman,Defenders,Denzel Dumfries,Inter Milan
Group F,Netherlands,Ronald Koeman,Defenders,Jorrel Hato,Chelsea
Group F,Netherlands,Ronald Koeman,Defenders,Jurriën Timber,Arsenal
Group F,Netherlands,Ronald Koeman,Defenders,Jan Paul van Hecke,Brighton
Group F,Netherlands,Ronald Koeman,Defenders,Micky van de Ven,Tottenham
Group F,Netherlands,Ronald Koeman,Defenders,Virgil van Dijk,Liverpool
Group F,Netherlands,Ronald Koeman,Midfielders,Frenkie de Jong,Barcelona
Group F,Netherlands,Ronald Koeman,Midfielders,Marten de Roon,Atalanta
Group F,Netherlands,Ronald Koeman,Midfielders,Ryan Gravenberch,Liverpool
Group F,Netherlands,Ronald Koeman,Midfielders,Teun Koopmeiners,Juventus
Group F,Netherlands,Ronald Koeman,Midfielders,Tijjani Reijnders,Manchester City
Group F,Netherlands,Ronald Koeman,Midfielders,Guus Til,PSV
Group F,Netherlands,Ronald Koeman,Midfielders,Quinten Timber,Marseille
Group F,Netherlands,Ronald Koeman,Midfielders,Mats Wieffer,Brighton
Group F,Netherlands,Ronald Koeman,Forwards,Brian Brobbey,Sunderland
Group F,Netherlands,Ronald Koeman,Forwards,Memphis Depay,Corinthians
Group F,Netherlands,Ronald Koeman,Forwards,Cody Gakpo,Liverpool
Group F,Netherlands,Ronald Koeman,Forwards,Justin Kluivert,Bournemouth
Group F,Netherlands,Ronald Koeman,Forwards,Noa Lang,Galatasaray
Group F,Netherlands,Ronald Koeman,Forwards,Donyell Malen,Roma
Group F,Netherlands,Ronald Koeman,Forwards,Crysencio Summerville,West Ham
Group F,Netherlands,Ronald Koeman,Forwards,Wout Weghorst,Ajax
Group F,Japan,Hajime Moriyasu,Goalkeepers,Zion Suzuki,Parma
Group F,Japan,Hajime Moriyasu,Goalkeepers,Keisuke Osako,Sanfrecce Hiroshima
Group F,Japan,Hajime Moriyasu,Goalkeepers,Tomoki Hayakawa,Kashima Antlers
Group F,Japan,Hajime Moriyasu,Defenders,to Nagatomo,FC Tokyo
Group F,Japan,Hajime Moriyasu,Defenders,Shogo Taniguchi,Sint-Truiden
Group F,Japan,Hajime Moriyasu,Defenders,Ko Itakura,Ajax
Group F,Japan,Hajime Moriyasu,Defenders,Tsuyoshi Watanabe,Feyenoord
Group F,Japan,Hajime Moriyasu,Defenders,Takehiro Tomiyasu,Ajax
Group F,Japan,Hajime Moriyasu,Defenders,Hiroki Ito,Bayern Munich
Group F,Japan,Hajime Moriyasu,Defenders,Ayumu Seko,Le Havre
Group F,Japan,Hajime Moriyasu,Defenders,Yukinari Sugawara,Werder Bremen
Group F,Japan,Hajime Moriyasu,Midfielders,Junnosuke Suzuki,Copenhagen
Group F,Japan,Hajime Moriyasu,Midfielders,Wataru Endo,Liverpool
Group F,Japan,Hajime Moriyasu,Midfielders,Junya Ito,Genk
Group F,Japan,Hajime Moriyasu,Midfielders,Daichi Kamada,Crystal Palace
Group F,Japan,Hajime Moriyasu,Midfielders,Ritsu Doan,Eintracht Frankfurt
Group F,Japan,Hajime Moriyasu,Midfielders,Ao Tanaka,Leeds United
Group F,Japan,Hajime Moriyasu,Midfielders,Keito Nakamura,Reims
Group F,Japan,Hajime Moriyasu,Midfielders,Kaishu Sano,Mainz
Group F,Japan,Hajime Moriyasu,Midfielders,Takefusa Kubo,Real Sociedad
Group F,Japan,Hajime Moriyasu,Midfielders,Yuito Suzuki,Freiburg
Group F,Japan,Hajime Moriyasu,Forwards,Koki Ogawa,NEC Nijmegen
Group F,Japan,Hajime Moriyasu,Forwards,Daizen Maeda,Celtic
Group F,Japan,Hajime Moriyasu,Forwards,Ayase Ueda,Feyenoord
Group F,Japan,Hajime Moriyasu,Forwards,Kento Shiogai,VfL Wolfsburg
Group F,Japan,Hajime Moriyasu,Forwards,Keisuke Goto,Sint-Truiden
Group F,Sweden,Graham Potter,Goalkeepers,Viktor Johansson,Stoke City
Group F,Sweden,Graham Potter,Goalkeepers,Kristoffer Nordfeldt,AIK
Group F,Sweden,Graham Potter,Goalkeepers,Jacob Widell Zetterstrom,Derby County
Group F,Sweden,Graham Potter,Defenders,Hjalmar Ekdal,Burnley
Group F,Sweden,Graham Potter,Defenders,Gabriel Gudmundsson,Leeds United
Group F,Sweden,Graham Potter,Defenders,Isak Hien,Atalanta
Group F,Sweden,Graham Potter,Defenders,Emil Holm,Juventus
Group F,Sweden,Graham Potter,Defenders,Gustaf Lagerbielke,Braga
Group F,Sweden,Graham Potter,Defenders,Victor Lindelöf,Aston Villa
Group F,Sweden,Graham Potter,Defenders,Erik Smith,St. Pauli
Group F,Sweden,Graham Potter,Defenders,Carl Starfelt,Celta Vigo
Group F,Sweden,Graham Potter,Defenders,Elliot Stroud,Mjallby
Group F,Sweden,Graham Potter,Defenders,Daniel Svensson,Borussia Dortmund
Group F,Sweden,Graham Potter,Midfielders,Taha Ali,Malmo
Group F,Sweden,Graham Potter,Midfielders,Yasin Ayari,Brighton
Group F,Sweden,Graham Potter,Midfielders,Lucas Bergvall,Tottenham
Group F,Sweden,Graham Potter,Midfielders,Jesper Karlström,Udinese
Group F,Sweden,Graham Potter,Midfielders,Ken Sema,Pafos
Group F,Sweden,Graham Potter,Midfielders,Mattias Svanberg,Wolfsburg
Group F,Sweden,Graham Potter,Midfielders,Besfort Zeneli,Union St-Gilloise
Group F,Sweden,Graham Potter,Forwards,Alexander Bernhardsson,Holstein Kiel
Group F,Sweden,Graham Potter,Forwards,Anthony Elanga,Newcastle United
Group F,Sweden,Graham Potter,Forwards,Viktor Gyökeres,Arsenal
Group F,Sweden,Graham Potter,Forwards,Alexander Isak,Liverpool
Group F,Sweden,Graham Potter,Forwards,Gustaf Nilsson,Club Brugge
Group F,Sweden,Graham Potter,Forwards,Benjamin Nygren,Celtic
Group F,Tunisia,Sabri Lamouchi,Goalkeepers,Aymen Dahmen,CS Sfaxien
Group F,Tunisia,Sabri Lamouchi,Goalkeepers,Sabri Ben Hessen,Étoile du Sahel
Group F,Tunisia,Sabri Lamouchi,Goalkeepers,Abdelmouhib Chamakh,Club Africain
Group F,Tunisia,Sabri Lamouchi,Defenders,Montassar Talbi,Lorient
Group F,Tunisia,Sabri Lamouchi,Defenders,Dylan Bronn,Servette
Group F,Tunisia,Sabri Lamouchi,Defenders,Omar Rekik,Maribor
Group F,Tunisia,Sabri Lamouchi,Defenders,Yan Valery,Young Boys
Group F,Tunisia,Sabri Lamouchi,Defenders,Ali Abdi,Nice
Group F,Tunisia,Sabri Lamouchi,Defenders,Moutaz Neffati,IFK Norrköping
Group F,Tunisia,Sabri Lamouchi,Defenders,Raed Chikhaoui,US Monastir
Group F,Tunisia,Sabri Lamouchi,Defenders,Adam Arous,Kasımpaşa
Group F,Tunisia,Sabri Lamouchi,Defenders,Mohamed Amine Ben Hamida,Espérance de Tunis
Group F,Tunisia,Sabri Lamouchi,Midfielders,Ellyes Skhiri,Eintracht Frankfurt
Group F,Tunisia,Sabri Lamouchi,Midfielders,Hannibal Mejbri,Burnley
Group F,Tunisia,Sabri Lamouchi,Midfielders,Anis Ben Slimane,Norwich City
Group F,Tunisia,Sabri Lamouchi,Midfielders,Hadj Mahmoud,Lugano
Group F,Tunisia,Sabri Lamouchi,Midfielders,Rani Khedira,Union Berlin
Group F,Tunisia,Sabri Lamouchi,Midfielders,Mortadha Ben Ouanes,Kasımpaşa
Group F,Tunisia,Sabri Lamouchi,Forwards,Elias Achouri,Copenhagen
Group F,Tunisia,Sabri Lamouchi,Forwards,Ismaël Gharbi,Augsburg
Group F,Tunisia,Sabri Lamouchi,Forwards,Elias Saad,Hannover 96
Group F,Tunisia,Sabri Lamouchi,Forwards,Sebastian Tounekti,Celtic
Group F,Tunisia,Sabri Lamouchi,Forwards,Firas Chaouat,Club Africain
Group F,Tunisia,Sabri Lamouchi,Forwards,Khalil Ayari,Paris Saint-Germain
Group F,Tunisia,Sabri Lamouchi,Forwards,Hazem Mastouri,Dynamo Makhachkala
Group F,Tunisia,Sabri Lamouchi,Forwards,Rayan Elloumi,Vancouver Whitecaps
Group F,Tunisia,Sabri Lamouchi,Forwards,Elias Saad,Hannover 96
Group G,Belgium,Rudi Garcia,Goalkeepers,Thibaut Courtois,Real Madrid
Group G,Belgium,Rudi Garcia,Goalkeepers,Senne Lammens,Manchester United
Group G,Belgium,Rudi Garcia,Goalkeepers,Mike Penders,Chelsea
Group G,Belgium,Rudi Garcia,Defenders,Timothy Castagne,Fulham
Group G,Belgium,Rudi Garcia,Defenders,Zeno Debast,Sporting CP
Group G,Belgium,Rudi Garcia,Defenders,Maxim De Cuyper,Brighton & Hove Albion
Group G,Belgium,Rudi Garcia,Defenders,Koni De Winter,AC Milan
Group G,Belgium,Rudi Garcia,Defenders,Brandon Mechele,Club Brugge
Group G,Belgium,Rudi Garcia,Defenders,Thomas Meunier,Lille
Group G,Belgium,Rudi Garcia,Defenders,Nathan Ngoy,Lille
Group G,Belgium,Rudi Garcia,Defenders,Joaquin Seys,Club Brugge
Group G,Belgium,Rudi Garcia,Defenders,Arthur Theate,Eintracht Frankfurt
Group G,Belgium,Rudi Garcia,Midfielders,Kevin De Bruyne,Napoli
Group G,Belgium,Rudi Garcia,Midfielders,Amadou Onana,Aston Villa
Group G,Belgium,Rudi Garcia,Midfielders,Nicolas Raskin,Rangers
Group G,Belgium,Rudi Garcia,Midfielders,Youri Tielemans,Aston Villa
Group G,Belgium,Rudi Garcia,Midfielders,Hans Vanaken,Club Brugge
Group G,Belgium,Rudi Garcia,Midfielders,Axel Witsel,Girona
Group G,Belgium,Rudi Garcia,Forwards,Charles De Ketelaere,Atalanta
Group G,Belgium,Rudi Garcia,Forwards,Jérémy Doku,Manchester City
Group G,Belgium,Rudi Garcia,Forwards,Matias Fernandez-Pardo,Lille
Group G,Belgium,Rudi Garcia,Forwards,Romelu Lukaku,Napoli
Group G,Belgium,Rudi Garcia,Forwards,Dodi Lukebakio,Benfica
Group G,Belgium,Rudi Garcia,Forwards,Diego Moreira,Strasbourg
Group G,Belgium,Rudi Garcia,Forwards,Alexis Saelemaekers,AC Milan
Group G,Belgium,Rudi Garcia,Forwards,Leandro Trossard,Arsenal
Group G,Egypt,Hossam Hassan,Goalkeepers,Mohamed El Shenawy,Al Ahly
Group G,Egypt,Hossam Hassan,Goalkeepers,Mostafa Shobeir,Al Ahly
Group G,Egypt,Hossam Hassan,Goalkeepers,El Mahdy Soliman,Zamalek
Group G,Egypt,Hossam Hassan,Goalkeepers,Mohamed Alaa,El Gouna
Group G,Egypt,Hossam Hassan,Defenders,Mohamed Hany,Al Ahly
Group G,Egypt,Hossam Hassan,Defenders,Tarek Alaa,Zamalek
Group G,Egypt,Hossam Hassan,Defenders,Hamdy Fathy,Al Wakrah
Group G,Egypt,Hossam Hassan,Defenders,Ramy Rabia,Al Ain
Group G,Egypt,Hossam Hassan,Defenders,Yasser Ibrahim,Al Ahly
Group G,Egypt,Hossam Hassan,Defenders,Hossam Abdelmaguid,Zamalek
Group G,Egypt,Hossam Hassan,Defenders,Mohamed Abdelmonem,Nice
Group G,Egypt,Hossam Hassan,Defenders,Ahmed Fatouh,Zamalek
Group G,Egypt,Hossam Hassan,Defenders,Karim Hafez,Pyramids
Group G,Egypt,Hossam Hassan,Midfielders,Marwan Attia,Al Ahly
Group G,Egypt,Hossam Hassan,Midfielders,Mohanad Lasheen,Pyramids
Group G,Egypt,Hossam Hassan,Midfielders,Nabil Emad,Al Najma
Group G,Egypt,Hossam Hassan,Midfielders,Mahmoud Saber,Zed
Group G,Egypt,Hossam Hassan,Midfielders,Ahmed Zizo,Al Ahly
Group G,Egypt,Hossam Hassan,Midfielders,Emam Ashour,Al Ahly
Group G,Egypt,Hossam Hassan,Midfielders,Mostafa Ziko,Pyramids
Group G,Egypt,Hossam Hassan,Midfielders,Mahmoud Trezeguet,Al Ahly
Group G,Egypt,Hossam Hassan,Midfielders,Ibrahim Adel,Nordsjaelland
Group G,Egypt,Hossam Hassan,Midfielders,Haissem Hassan,Real Oviedo
Group G,Egypt,Hossam Hassan,Forwards,Omar Marmoush,Manchester City
Group G,Egypt,Hossam Hassan,Forwards,Mohamed Salah,Liverpool
Group G,Egypt,Hossam Hassan,Forwards,Hamza Abdelkarim,Barcelona B
Group G,Iran,Amir Ghalenoei,Goalkeepers,Alireza Beiranvand,Tractor
Group G,Iran,Amir Ghalenoei,Goalkeepers,Hossein Hosseini,Sepahan
Group G,Iran,Amir Ghalenoei,Goalkeepers,Payam Niazmand,Persepolis
Group G,Iran,Amir Ghalenoei,Defenders,Danial Eiri,Malavan
Group G,Iran,Amir Ghalenoei,Defenders,Ehsan Hajsafi,Sepahan
Group G,Iran,Amir Ghalenoei,Defenders,Saleh Hardani,Esteghlal
Group G,Iran,Amir Ghalenoei,Defenders,Hossein Kanaani,Persepolis
Group G,Iran,Amir Ghalenoei,Defenders,Shoka Khalilzadeh,Tractor
Group G,Iran,Amir Ghalenoei,Defenders,Milad Mohammadi,Persepolis
Group G,Iran,Amir Ghalenoei,Defenders,Ali Nemati Omid Noorafkan,Foolad
Group G,Iran,Amir Ghalenoei,Defenders,Ramin Rezaeian,Foolad
Group G,Iran,Amir Ghalenoei,Midfielders,Rouzbeh Cheshmi,Esteghlal
Group G,Iran,Amir Ghalenoei,Midfielders,Saeid Ezatolahi,Shabab Al-Ahli
Group G,Iran,Amir Ghalenoei,Midfielders,Mehdi Ghaedi,Al-Nasr
Group G,Iran,Amir Ghalenoei,Midfielders,Saman Ghoddos,Kalba
Group G,Iran,Amir Ghalenoei,Midfielders,Mohammad Ghorbani,Al-Wahda
Group G,Iran,Amir Ghalenoei,Midfielders,Alireza Jahanbakhsh,Dender
Group G,Iran,Amir Ghalenoei,Midfielders,Mohammad Mohebi,Rostovv
Group G,Iran,Amir Ghalenoei,Midfielders,Amir Mohammad Razzaghinia,Esteghlal
Group G,Iran,Amir Ghalenoei,Midfielders,Mehdi Torabi,Tractor
Group G,Iran,Amir Ghalenoei,Midfielders,Aria Yousefi,Sepahan
Group G,Iran,Amir Ghalenoei,Forwards,Ali Alipour,Persepolis
Group G,Iran,Amir Ghalenoei,Forwards,Dennis Dargahi,Standard Liege
Group G,Iran,Amir Ghalenoei,Forwards,Amirhossein Hosseinzadeh,Tractor
Group G,Iran,Amir Ghalenoei,Forwards,Amirhossein Mahmoudi,Persepolis
Group G,Iran,Amir Ghalenoei,Forwards,Mehdi Taremi,Olympiacos
Group G,New Zealand,Darren Bazeley,Goalkeepers,Max Crocombe,Millwall
Group G,New Zealand,Darren Bazeley,Goalkeepers,Alex Paulsen,Lechia Gdańsk
Group G,New Zealand,Darren Bazeley,Goalkeepers,Michael Woud,Auckland FC
Group G,New Zealand,Darren Bazeley,Defenders,Tim Payne,Wellington Phoenix
Group G,New Zealand,Darren Bazeley,Defenders,Francis De Vries,Auckland FC
Group G,New Zealand,Darren Bazeley,Defenders,Tyler Bindon,Nottingham Forest
Group G,New Zealand,Darren Bazeley,Defenders,Michael Boxall,Minnesota United
Group G,New Zealand,Darren Bazeley,Defenders,Liberato Cacace,Wrexham
Group G,New Zealand,Darren Bazeley,Defenders,Nando Pijnaker,Auckland FC
Group G,New Zealand,Darren Bazeley,Defenders,Finn Surman,Portland Timbers
Group G,New Zealand,Darren Bazeley,Defenders,Callan Elliot,Auckland FC
Group G,New Zealand,Darren Bazeley,Defenders,Tommy Smith,Braintree Town
Group G,New Zealand,Darren Bazeley,Midfielders,Joe Bell,Viking FK
Group G,New Zealand,Darren Bazeley,Midfielders,Matt Garbett,Peterborough United
Group G,New Zealand,Darren Bazeley,Midfielders,Marko Stamenic,Swansea City
Group G,New Zealand,Darren Bazeley,Midfielders,Sarpreet Singh,Wellington Phoenix
Group G,New Zealand,Darren Bazeley,Midfielders,Alex Rufer,Wellington Phoenix
Group G,New Zealand,Darren Bazeley,Midfielders,Ryan Thomas,PEC Zwolle
Group G,New Zealand,Darren Bazeley,Forwards,Chris Wood,Nottingham Forest
Group G,New Zealand,Darren Bazeley,Forwards,Eli Just,Motherwell
Group G,New Zealand,Darren Bazeley,Forwards,Kosta Barbarouses,Western Sydney Wanderers
Group G,New Zealand,Darren Bazeley,Forwards,Ben Waine,Port Vale
Group G,New Zealand,Darren Bazeley,Forwards,Ben Old,Saint-Étienne
Group G,New Zealand,Darren Bazeley,Forwards,Callum McCowatt,Silkeborg IF
Group G,New Zealand,Darren Bazeley,Forwards,Jesse Randall,Auckland FC
Group G,New Zealand,Darren Bazeley,Forwards,Lachlan Bayliss,Newcastle Jets
Group H,Spain,Luis de la Fuente,Goalkeepers,Unai Simón,Athletic Club
Group H,Spain,Luis de la Fuente,Goalkeepers,David Raya,Arsenal
Group H,Spain,Luis de la Fuente,Goalkeepers,Joan García,Barcelona
Group H,Spain,Luis de la Fuente,Defenders,Marc Cucurella,Chelsea
Group H,Spain,Luis de la Fuente,Defenders,Pau Cubarsí,Barcelona
Group H,Spain,Luis de la Fuente,Defenders,Aymeric Laporte,Athletic Club
Group H,Spain,Luis de la Fuente,Defenders,Álex Grimaldo,Bayer Leverkusen
Group H,Spain,Luis de la Fuente,Defenders,Pedro Porro,Tottenham Hotspur
Group H,Spain,Luis de la Fuente,Defenders,Eric García,Barcelona
Group H,Spain,Luis de la Fuente,Defenders,Marcos Llorente,Atlético Madrid
Group H,Spain,Luis de la Fuente,Defenders,Marc Pubill,Atlético Madrid
Group H,Spain,Luis de la Fuente,Midfielders,Gavi,Barcelona
Group H,Spain,Luis de la Fuente,Midfielders,Rodri,Manchester City
Group H,Spain,Luis de la Fuente,Midfielders,Pedri,Barcelona
Group H,Spain,Luis de la Fuente,Midfielders,Martín Zubimendi,Arsenal
Group H,Spain,Luis de la Fuente,Midfielders,Fabián Ruiz,PSG
Group H,Spain,Luis de la Fuente,Midfielders,Álex Baena,Atlético Madrid
Group H,Spain,Luis de la Fuente,Midfielders,Mikel Merino,Arsenal
Group H,Spain,Luis de la Fuente,Forwards,Lamine Yamal,Barcelona
Group H,Spain,Luis de la Fuente,Forwards,Nico Williams,Athletic Club
Group H,Spain,Luis de la Fuente,Forwards,Dani Olmo,Barcelona
Group H,Spain,Luis de la Fuente,Forwards,Ferran Torres,Barcelona
Group H,Spain,Luis de la Fuente,Forwards,Mikel Oyarzabal,Real Sociedad
Group H,Spain,Luis de la Fuente,Forwards,Yéremy Pino,Crystal Palace
Group H,Spain,Luis de la Fuente,Forwards,Borja Iglesias,Celta Vigo
Group H,Spain,Luis de la Fuente,Forwards,Víctor Muñoz,Osasuna
Group H,Cape Verde,Bubista,Goalkeepers,Vozinha,Chaves
Group H,Cape Verde,Bubista,Goalkeepers,Marcio Rosa,Montana
Group H,Cape Verde,Bubista,Goalkeepers,CJ dos Santos,San Diego FC
Group H,Cape Verde,Bubista,Defenders,Steven Moreira,Columbus Crew
Group H,Cape Verde,Bubista,Defenders,Wagner Pina,Trabzonspor
Group H,Cape Verde,Bubista,Defenders,Joao Paulo,FCSB
Group H,Cape Verde,Bubista,Defenders,Sidny Lopes Cabral,Benfica
Group H,Cape Verde,Bubista,Defenders,Logan Costa,Villarreal
Group H,Cape Verde,Bubista,Defenders,Pico,Shamrock Rovers
Group H,Cape Verde,Bubista,Defenders,Kelvin Pires,SJK
Group H,Cape Verde,Bubista,Defenders,Stopira,Torreense
Group H,Cape Verde,Bubista,Defenders,Diney,Al Bataeh
Group H,Cape Verde,Bubista,Midfielders,Jamiro Monteiro,PEC Zwolle
Group H,Cape Verde,Bubista,Midfielders,Telmo Arcanjo,Vitoria Guimaraes
Group H,Cape Verde,Bubista,Midfielders,Yannick Semedo,Farense
Group H,Cape Verde,Bubista,Midfielders,Laros Duarte,Puskas Akademia
Group H,Cape Verde,Bubista,Midfielders,Deroy Duarte,Ludogorets Razgrad
Group H,Cape Verde,Bubista,Midfielders,Kevin Pina,Krasnodar
Group H,Cape Verde,Bubista,Forwards,Ryan Mendes,Igdir
Group H,Cape Verde,Bubista,Forwards,Willy Semedo,Omonia
Group H,Cape Verde,Bubista,Forwards,Garry Rodrigues,Apollon Limassol
Group H,Cape Verde,Bubista,Forwards,Jovane Cabral,Estrela Amadora
Group H,Cape Verde,Bubista,Forwards,Nuno da Costa,Istanbul Basaksehir
Group H,Cape Verde,Bubista,Forwards,Dailon Livramento,Casa Pia
Group H,Cape Verde,Bubista,Forwards,Gilson Benchimol,Akron Tolyatti
Group H,Cape Verde,Bubista,Forwards,Helio Varela,Maccabi Tel Aviv
Group H,Uruguay,Marcelo Bielsa,Goalkeepers,Fernando Muslera,Estudiantes de La Plata
Group H,Uruguay,Marcelo Bielsa,Goalkeepers,Sergio Rochet,Internacional de Porto Alegre
Group H,Uruguay,Marcelo Bielsa,Goalkeepers,Santiago Mele,Monterrey
Group H,Uruguay,Marcelo Bielsa,Defenders,Ronald Araújo,Barcelona
Group H,Uruguay,Marcelo Bielsa,Defenders,José María Giménez,Atlético Madrid
Group H,Uruguay,Marcelo Bielsa,Defenders,Santiago Bueno,Wolverhampton Wanderers
Group H,Uruguay,Marcelo Bielsa,Defenders,Sebastián Cáceres,América
Group H,Uruguay,Marcelo Bielsa,Defenders,Mathías Olivera,Napoli
Group H,Uruguay,Marcelo Bielsa,Defenders,Guillermo Varela,Flamengo
Group H,Uruguay,Marcelo Bielsa,Defenders,Matías Viña,River Plate
Group H,Uruguay,Marcelo Bielsa,Defenders,Joaquín Piquerez,Palmeiras
Group H,Uruguay,Marcelo Bielsa,Defenders,Juan Manuel Sanabria,Real Salt Lake
Group H,Uruguay,Marcelo Bielsa,Midfielders,Federico Valverde,Real Madrid
Group H,Uruguay,Marcelo Bielsa,Midfielders,Rodrigo Bentancur,Tottenham Hotspur
Group H,Uruguay,Marcelo Bielsa,Midfielders,Manuel Ugarte,Manchester United
Group H,Uruguay,Marcelo Bielsa,Midfielders,Emiliano Martínez,Palmeiras
Group H,Uruguay,Marcelo Bielsa,Midfielders,Rodrigo Zalazar,Sporting CP
Group H,Uruguay,Marcelo Bielsa,Midfielders,Giorgian De Arrascaeta,Flamengo
Group H,Uruguay,Marcelo Bielsa,Midfielders,Nicolás De La Cruz,Flamengo
Group H,Uruguay,Marcelo Bielsa,Midfielders,Agustín Canobbio,Fluminense
Group H,Uruguay,Marcelo Bielsa,Midfielders,Maximiliano Araújo,Sporting CP
Group H,Uruguay,Marcelo Bielsa,Midfielders,Brian Rodríguez,América
Group H,Uruguay,Marcelo Bielsa,Midfielders,Facundo Pellistri,Panathinaikos
Group H,Uruguay,Marcelo Bielsa,Forwards,Darwin Núñez,Al Hilal
Group H,Uruguay,Marcelo Bielsa,Forwards,Federico Viñas,Real Oviedo
Group H,Uruguay,Marcelo Bielsa,Forwards,Rodrigo Aguirre,Tigres
Group H,Saudi Arabia,Georgios Donis,Goalkeepers,Mohammed Al Owais,Al Ula
Group H,Saudi Arabia,Georgios Donis,Goalkeepers,Nawaf Al Aqidi,Al Nassr
Group H,Saudi Arabia,Georgios Donis,Goalkeepers,Ahmed Al Kassar,Al Qadsiah
Group H,Saudi Arabia,Georgios Donis,Defenders,Abdulelah Al Amri,Al Nassr
Group H,Saudi Arabia,Georgios Donis,Defenders,Hassan Tambakti,Al Hilal
Group H,Saudi Arabia,Georgios Donis,Defenders,Jehad Thikri,Al Qadsiah
Group H,Saudi Arabia,Georgios Donis,Defenders,Ali Lajami,Al Hilal
Group H,Saudi Arabia,Georgios Donis,Defenders,Hassan Kadesh,Al Ittihad
Group H,Saudi Arabia,Georgios Donis,Defenders,Saud Abdulhamid,Lens
Group H,Saudi Arabia,Georgios Donis,Defenders,Mohammed Abu Al Shamat,Al Qadsiah
Group H,Saudi Arabia,Georgios Donis,Defenders,Ali Majrashi,Al Ahli
Group H,Saudi Arabia,Georgios Donis,Defenders,Moteb Al Harbi,Al Hilal
Group H,Saudi Arabia,Georgios Donis,Defenders,Nawaf Boushal,Al Nassr
Group H,Saudi Arabia,Georgios Donis,Defenders,Sultan Al-Ghannam,Al Nassr
Group H,Saudi Arabia,Georgios Donis,Midfielders,Mohammed Kanno,Al Hilal
Group H,Saudi Arabia,Georgios Donis,Midfielders,Abdullah Al Khaibari,Al Nassr
Group H,Saudi Arabia,Georgios Donis,Midfielders,Ziyad Al Johani,Al Ahli
Group H,Saudi Arabia,Georgios Donis,Midfielders,Nasser Al Dawsari,Al Hilal
Group H,Saudi Arabia,Georgios Donis,Midfielders,Musab Al Juwayr,Al Qadsiah
Group H,Saudi Arabia,Georgios Donis,Midfielders,Alaa Al Hajji,Neom
Group H,Saudi Arabia,Georgios Donis,Midfielders,Salem Al Dawsari,Al Hilal
Group H,Saudi Arabia,Georgios Donis,Midfielders,Khalid Al Ghannam,Al Ettifaq
Group H,Saudi Arabia,Georgios Donis,Midfielders,Ayman Yahya,Al Nassr
Group H,Saudi Arabia,Georgios Donis,Forwards,Firas Al Buraikan,Al Ahli
Group H,Saudi Arabia,Georgios Donis,Forwards,Saleh Al Shehri,Al Ittihad
Group H,Saudi Arabia,Georgios Donis,Forwards,Abdullah Al Hamdan,Al Nassr
Group I,France,Didier Deschamps,Goalkeepers,Mike Maignan,AC Milan
Group I,France,Didier Deschamps,Goalkeepers,Robin Risser,Lens
Group I,France,Didier Deschamps,Goalkeepers,Brice Samba,Rennes
Group I,France,Didier Deschamps,Defenders,Lucas Digne,Aston Villa
Group I,France,Didier Deschamps,Defenders,Malo Gusto,Chelsea
Group I,France,Didier Deschamps,Defenders,Lucas Hernández,Paris Saint-Germain
Group I,France,Didier Deschamps,Defenders,Theo Hernández,Al Hilal
Group I,France,Didier Deschamps,Defenders,Ibrahima Konaté,Liverpool
Group I,France,Didier Deschamps,Defenders,Jules Koundé,Barcelona
Group I,France,Didier Deschamps,Defenders,Maxence Lacroix,Crystal Palace
Group I,France,Didier Deschamps,Defenders,William Saliba,Arsenal
Group I,France,Didier Deschamps,Defenders,Dayot Upamecano,Bayern Munich
Group I,France,Didier Deschamps,Midfielders,N'Golo Kanté,Fenerbahçe
Group I,France,Didier Deschamps,Midfielders,Manu Koné,AS Roma
Group I,France,Didier Deschamps,Midfielders,Adrien Rabiot,AC Milan
Group I,France,Didier Deschamps,Midfielders,Aurélien Tchouaméni,Real Madrid
Group I,France,Didier Deschamps,Midfielders,Warren Zaïre-Emery,Paris Saint-Germain
Group I,France,Didier Deschamps,Forwards,Maghnes Akliouche,AS Monaco
Group I,France,Didier Deschamps,Forwards,Bradley Barcola,Paris Saint-Germain
Group I,France,Didier Deschamps,Forwards,Rayan Cherki,Manchester City
Group I,France,Didier Deschamps,Forwards,Ousmane Dembélé,Paris Saint-Germain
Group I,France,Didier Deschamps,Forwards,Désiré Doué,Paris Saint-Germain
Group I,France,Didier Deschamps,Forwards,Jean-Philippe Mateta,Crystal Palace
Group I,France,Didier Deschamps,Forwards,Kylian Mbappé,Real Madrid
Group I,France,Didier Deschamps,Forwards,Michael Olise,Bayern Munich
Group I,France,Didier Deschamps,Forwards,Marcus Thuram,Internazionale
Group I,Senegal,Pape Thiaw,Goalkeepers,Édouard Mendy,Al Ahli
Group I,Senegal,Pape Thiaw,Goalkeepers,Mory Diaw,Le Havre AC
Group I,Senegal,Pape Thiaw,Goalkeepers,Yehvann Diouf,Nice
Group I,Senegal,Pape Thiaw,Defenders,Krépin Diatta,AS Monaco
Group I,Senegal,Pape Thiaw,Defenders,Antoine Mendy,Nice
Group I,Senegal,Pape Thiaw,Defenders,Kalidou Koulibaly,Al Hilal
Group I,Senegal,Pape Thiaw,Defenders,El Hadji Malick Diouf,West Ham United
Group I,Senegal,Pape Thiaw,Defenders,Mamadou Sarr,Chelsea
Group I,Senegal,Pape Thiaw,Defenders,Moussa Niakhaté,Lyon
Group I,Senegal,Pape Thiaw,Defenders,Abdoulaye Seck,Maccabi Haifa
Group I,Senegal,Pape Thiaw,Defenders,Ismail Jakobs,Galatasaray
Group I,Senegal,Pape Thiaw,Midfielders,Idrissa Gana Gueye,Everton
Group I,Senegal,Pape Thiaw,Midfielders,Pape Gueye,Villarreal
Group I,Senegal,Pape Thiaw,Midfielders,Lamine Camara,AS Monaco
Group I,Senegal,Pape Thiaw,Midfielders,Habib Diarra,Sunderland
Group I,Senegal,Pape Thiaw,Midfielders,Pathé Ciss,Rayo Vallecano
Group I,Senegal,Pape Thiaw,Midfielders,Pape Matar Sarr,Tottenham Hotspur
Group I,Senegal,Pape Thiaw,Midfielders,Bara Sapoko Ndiaye,Bayern Munich
Group I,Senegal,Pape Thiaw,Forwards,Sadio Mané,Al Nassr
Group I,Senegal,Pape Thiaw,Forwards,Ismaïla Sarr,Crystal Palace
Group I,Senegal,Pape Thiaw,Forwards,Iliman Ndiaye,Everton
Group I,Senegal,Pape Thiaw,Forwards,Assane Diao,Como
Group I,Senegal,Pape Thiaw,Forwards,Ibrahim Mbaye,Paris Saint-Germian
Group I,Senegal,Pape Thiaw,Forwards,Nicolas Jackson,Chelsea
Group I,Senegal,Pape Thiaw,Forwards,Bamba Dieng,Lorient
Group I,Senegal,Pape Thiaw,Forwards,Cherif Ndiaye,Samsunspor
Group I,Iraq,Graham Arnold,Goalkeepers,Fahad Talib,Al-Talaba
Group I,Iraq,Graham Arnold,Goalkeepers,Jalal Hassan,Al-Zawraa
Group I,Iraq,Graham Arnold,Goalkeepers,Ahmed Basil,Al-Shorta
Group I,Iraq,Graham Arnold,Defenders,Hussein Ali,Pogoń Szczecin
Group I,Iraq,Graham Arnold,Defenders,Manaf Younis,Al-Shorta
Group I,Iraq,Graham Arnold,Defenders,Zaid Tahseen,Pakhtakor
Group I,Iraq,Graham Arnold,Defenders,Rebin Sulaka,Port FC
Group I,Iraq,Graham Arnold,Defenders,Akam Hashem,Al-Zawraa
Group I,Iraq,Graham Arnold,Defenders,Merchas Doski,Viktoria Plzeň
Group I,Iraq,Graham Arnold,Defenders,Ahmed Yahya,Al-Shorta
Group I,Iraq,Graham Arnold,Defenders,Zaid Ismail,Al-Talaba
Group I,Iraq,Graham Arnold,Defenders,Frans Putros,Port FC
Group I,Iraq,Graham Arnold,Defenders,Mustafa Saadoon,Al-Shorta
Group I,Iraq,Graham Arnold,Midfielders,Amir Al-Ammari,Cracovia
Group I,Iraq,Graham Arnold,Midfielders,Kevin Yakob,AGF Aarhus
Group I,Iraq,Graham Arnold,Midfielders,Zidane Iqbal,FC Utrecht
Group I,Iraq,Graham Arnold,Midfielders,Aimar Sher,Sarpsborg 08
Group I,Iraq,Graham Arnold,Midfielders,Ibrahim Bayesh,Al-Riyadh
Group I,Iraq,Graham Arnold,Midfielders,Ahmed Qasim,Elfsborg
Group I,Iraq,Graham Arnold,Midfielders,Youssef Amyn,Eintracht Braunschweig
Group I,Iraq,Graham Arnold,Midfielders,Marko Farji,Strømsgodset
Group I,Iraq,Graham Arnold,Forwards,Ali Jasim,Como
Group I,Iraq,Graham Arnold,Forwards,Ali Al-Hamadi,Ipswich Town
Group I,Iraq,Graham Arnold,Forwards,Ali Yousef,Al-Shorta
Group I,Iraq,Graham Arnold,Forwards,Aymen Hussein,Al-Khor
Group I,Iraq,Graham Arnold,Forwards,Mohanad Ali,Al-Shorta
Group I,Norway,Stale Solbakken,Goalkeepers,Ørjan Nyland,Sevilla
Group I,Norway,Stale Solbakken,Goalkeepers,Egil Selvik,Watford
Group I,Norway,Stale Solbakken,Goalkeepers,Sander Tangvik,Hamburg SV
Group I,Norway,Stale Solbakken,Defenders,Julian Ryerson,Borussia Dortmund
Group I,Norway,Stale Solbakken,Defenders,Kristoffer Ajer,Brentford
Group I,Norway,Stale Solbakken,Defenders,Leo Østigård,Genoa
Group I,Norway,Stale Solbakken,Defenders,David Møller Wolfe,Wolverhampton Wanderers
Group I,Norway,Stale Solbakken,Defenders,Marcus Pedersen,Torino
Group I,Norway,Stale Solbakken,Defenders,Torbjørn Heggem,Bologna
Group I,Norway,Stale Solbakken,Defenders,Fredrik André Bjørkan,Bodø/Glimt
Group I,Norway,Stale Solbakken,Defenders,Henrik Falchener,Viking
Group I,Norway,Stale Solbakken,Defenders,Sondre Langås,Derby County
Group I,Norway,Stale Solbakken,Midfielders,Martin Ødegaard,Arsenal
Group I,Norway,Stale Solbakken,Midfielders,Sander Berge,Fulham
Group I,Norway,Stale Solbakken,Midfielders,Patrick Berg,Bodø/Glimt
Group I,Norway,Stale Solbakken,Midfielders,Kristian Thorstvedt,Sassuolo
Group I,Norway,Stale Solbakken,Midfielders,Morten Thorsby,Cremonese
Group I,Norway,Stale Solbakken,Midfielders,Thelo Aasgaard,Rangers
Group I,Norway,Stale Solbakken,Midfielders,Andreas Schjelderup,Benfica
Group I,Norway,Stale Solbakken,Midfielders,Jens Petter Hauge,Bodø/Glimt
Group I,Norway,Stale Solbakken,Midfielders,Fredrik Aursnes,Benfica
Group I,Norway,Stale Solbakken,Midfielders,Oscar Bobb,Fulham
Group I,Norway,Stale Solbakken,Midfielders,Antonio Nusa,RB Leipzig
Group I,Norway,Stale Solbakken,Forwards,Erling Haaland,Manchester City
Group I,Norway,Stale Solbakken,Forwards,Alexander Sørloth,Atlético Madrid
Group I,Norway,Stale Solbakken,Forwards,Jørgen Strand Larsen,Crystal Palace
Group J,Argentina,Lionel Scaloni,Goalkeepers,Emiliano Martínez,Aston Villa
Group J,Argentina,Lionel Scaloni,Goalkeepers,Gerónimo Rulli,Marseille
Group J,Argentina,Lionel Scaloni,Goalkeepers,Juan Musso,Atlético Madrid
Group J,Argentina,Lionel Scaloni,Defenders,Gonzalo Montiel,River Plate
Group J,Argentina,Lionel Scaloni,Defenders,Nahuel Molina,Atlético Madrid
Group J,Argentina,Lionel Scaloni,Defenders,Lisandro Martínez,Manchester United
Group J,Argentina,Lionel Scaloni,Defenders,Nicolás Otamendi,Benfica
Group J,Argentina,Lionel Scaloni,Defenders,Leonardo Balerdi,Marseille
Group J,Argentina,Lionel Scaloni,Defenders,Cristian Romero,Tottenham
Group J,Argentina,Lionel Scaloni,Defenders,Facundo Medina,Marseille
Group J,Argentina,Lionel Scaloni,Defenders,Nicolás Tagliafico,Lyon
Group J,Argentina,Lionel Scaloni,Midfielders,Leandro Paredes,Boca Juniors
Group J,Argentina,Lionel Scaloni,Midfielders,Rodrigo De Paul,Inter Miami
Group J,Argentina,Lionel Scaloni,Midfielders,Exequiel Palacios,Bayer Leverkusen
Group J,Argentina,Lionel Scaloni,Midfielders,Enzo Fernández,Chelsea
Group J,Argentina,Lionel Scaloni,Midfielders,Alexis Mac Allister,Liverpool
Group J,Argentina,Lionel Scaloni,Midfielders,Giovani Lo Celso,Real Betis
Group J,Argentina,Lionel Scaloni,Midfielders,Valentín Barco,Strasbourg
Group J,Argentina,Lionel Scaloni,Forwards,Lionel Messi,Inter Miami
Group J,Argentina,Lionel Scaloni,Forwards,Nico Paz,Como
Group J,Argentina,Lionel Scaloni,Forwards,Thiago Almada,Atlético Madrid
Group J,Argentina,Lionel Scaloni,Forwards,Nicolás González,Atletico Madrid
Group J,Argentina,Lionel Scaloni,Forwards,Giuliano Simeone,Atlético Madrid
Group J,Argentina,Lionel Scaloni,Forwards,Lautaro Martínez,Internazionale
Group J,Argentina,Lionel Scaloni,Forwards,Jose Manuel López,Palmeiras
Group J,Argentina,Lionel Scaloni,Forwards,Julián Álvarez,Atlético Madrid
Group J,Algeria,Vladimir Petkovic,Goalkeepers,Oussama Benbot,USM Alger
Group J,Algeria,Vladimir Petkovic,Goalkeepers,Melvin Masstil,Stade Nyonnaise
Group J,Algeria,Vladimir Petkovic,Goalkeepers,Luca Zidane,Granada
Group J,Algeria,Vladimir Petkovic,Defenders,Achraf Abada,USM Alger
Group J,Algeria,Vladimir Petkovic,Defenders,Rayan Ait Nouri,Manchester City
Group J,Algeria,Vladimir Petkovic,Defenders,Zinedine Belaid,JS Kabylie
Group J,Algeria,Vladimir Petkovic,Defenders,Rafik Belghali,Verona
Group J,Algeria,Vladimir Petkovic,Defenders,Ramy Bensebaini,Borussia Dortmund
Group J,Algeria,Vladimir Petkovic,Defenders,Samir Chergui,Paris FC
Group J,Algeria,Vladimir Petkovic,Defenders,Jaouen Hadjam,Young Boys
Group J,Algeria,Vladimir Petkovic,Defenders,Aissa Mandi,Lille
Group J,Algeria,Vladimir Petkovic,Defenders,Mohamed Amine Tougai,Esperance
Group J,Algeria,Vladimir Petkovic,Midfielders,Houssem Aouar,Al Ittihad
Group J,Algeria,Vladimir Petkovic,Midfielders,Nabil Bentaleb,Lille
Group J,Algeria,Vladimir Petkovic,Midfielders,Hicham Boudaoui,Nice
Group J,Algeria,Vladimir Petkovic,Midfielders,Fares Chaibi,Eintracht Frankfurt
Group J,Algeria,Vladimir Petkovic,Midfielders,Ibrahim Maza,Bayer Leverkusen
Group J,Algeria,Vladimir Petkovic,Midfielders,Yassine Titraoui,Charleroi
Group J,Algeria,Vladimir Petkovic,Midfielders,Ramiz Zerrouki,FC Twente
Group J,Algeria,Vladimir Petkovic,Forwards,Mohamed Amine Amoura,VfL Wolfsburg
Group J,Algeria,Vladimir Petkovic,Forwards,Nadir Benbouali,Győri ETO
Group J,Algeria,Vladimir Petkovic,Forwards,Adil Boulbina,Al Duhail
Group J,Algeria,Vladimir Petkovic,Forwards,Fares Ghedjemis,Frosinone
Group J,Algeria,Vladimir Petkovic,Forwards,Amine Gouiri,Marseille
Group J,Algeria,Vladimir Petkovic,Forwards,Riyad Mahrez,Al Ahli
Group J,Algeria,Vladimir Petkovic,Forwards,Anis Hadj Moussa,Feyenoord
Group J,Austria,Ralf Rangnick,Goalkeepers,Alexander Schlager,RB Salzburg
Group J,Austria,Ralf Rangnick,Goalkeepers,Florian Wiegele,Viktoria Plzen
Group J,Austria,Ralf Rangnick,Goalkeepers,Patrick Pentz,Brondby
Group J,Austria,Ralf Rangnick,Defenders,David Affengruber,Elche
Group J,Austria,Ralf Rangnick,Defenders,Kevin Danso,Tottehham
Group J,Austria,Ralf Rangnick,Defenders,Stefan Posch,Mainz 05
Group J,Austria,Ralf Rangnick,Defenders,David Alaba,Real Madrid
Group J,Austria,Ralf Rangnick,Defenders,Philipp Lienhart,SC Freiburg
Group J,Austria,Ralf Rangnick,Defenders,Philipp Mwene,Mainz 05
Group J,Austria,Ralf Rangnick,Defenders,Alexander Prass,TSG Hoffenheim
Group J,Austria,Ralf Rangnick,Defenders,Marco Friedl,Werder Bremen
Group J,Austria,Ralf Rangnick,Defenders,Michael Svoboda,Venezia
Group J,Austria,Ralf Rangnick,Midfielders,Xaver Schlager,RB Leipzig
Group J,Austria,Ralf Rangnick,Midfielders,Nicolas Seiwald,RB Leipzig
Group J,Austria,Ralf Rangnick,Midfielders,Marcel Sabitzer,Borussia Dortmund
Group J,Austria,Ralf Rangnick,Midfielders,Florian Grillitsch,Braga
Group J,Austria,Ralf Rangnick,Midfielders,Carney Chukwuemeka,Borussia Dortmund
Group J,Austria,Ralf Rangnick,Midfielders,Romano Schmid,Werder Bremen
Group J,Austria,Ralf Rangnick,Midfielders,Christoph Baumgartner,RB Leipzig
Group J,Austria,Ralf Rangnick,Midfielders,Konrad Laimer,Bayern Munich
Group J,Austria,Ralf Rangnick,Midfielders,Patrick Wimmer,Wolfsburg
Group J,Austria,Ralf Rangnick,Midfielders,Paul Wanner,PSV Eindhoven
Group J,Austria,Ralf Rangnick,Midfielders,Alessandro Schopf,Wolfsberger AC
Group J,Austria,Ralf Rangnick,Forwards,Marko Arnautovic,Red Star Belgrade
Group J,Austria,Ralf Rangnick,Forwards,Michael Gregoritsch,FC Augsburg
Group J,Austria,Ralf Rangnick,Forwards,Sasa Kalajdzic,LASK Linz
Group J,Jordan,Jamal Sellami,Goalkeepers,Yazid Abulaila,Al-Hussein
Group J,Jordan,Jamal Sellami,Goalkeepers,Abdallah Al-Fakhouri,Al-Wehdat
Group J,Jordan,Jamal Sellami,Goalkeepers,Nour Bani Attiah,Al-Faisaly
Group J,Jordan,Jamal Sellami,Defenders,Ihsan Haddad,Al-Hussein
Group J,Jordan,Jamal Sellami,Defenders,Saed Al-Rosan,Al-Hussein
Group J,Jordan,Jamal Sellami,Defenders,Mohammad Abualnadi,Selangor
Group J,Jordan,Jamal Sellami,Defenders,Husam Abu Dahab,Al-Faisaly
Group J,Jordan,Jamal Sellami,Defenders,Mohammed Abu Hashish,Al-Karma
Group J,Jordan,Jamal Sellami,Defenders,Yazan Al-Arab,FC Seoul
Group J,Jordan,Jamal Sellami,Defenders,Anas Badawi,Al-Faisaly
Group J,Jordan,Jamal Sellami,Defenders,Abdallah Nasib,Al-Zawraa
Group J,Jordan,Jamal Sellami,Defenders,Saleem Obaid,Al-Hussein
Group J,Jordan,Jamal Sellami,Midfielders,Mohammed Al-Dawoud,Al-Wehdat
Group J,Jordan,Jamal Sellami,Midfielders,Nizar Al-Rashdan,Qatar SC
Group J,Jordan,Jamal Sellami,Midfielders,Noor Al-Rawabdeh,Selangor
Group J,Jordan,Jamal Sellami,Midfielders,Rajaei Ayed,Al-Hussein
Group J,Jordan,Jamal Sellami,Midfielders,Amer Jamous,Al-Zawraa
Group J,Jordan,Jamal Sellami,Midfielders,Ibrahim Sadeh,Al-Karma
Group J,Jordan,Jamal Sellami,Midfielders,Mohannad Abu Taha,Al-Quwa Al-Jawiya
Group J,Jordan,Jamal Sellami,Forwards,Mohammed Abu Zrayq,Raja Casablanca
Group J,Jordan,Jamal Sellami,Forwards,Mousa Al-Tamari,Rennes
Group J,Jordan,Jamal Sellami,Forwards,Ali Azaizeh,Al-Shabab
Group J,Jordan,Jamal Sellami,Forwards,Odeh Al-Fakhouri,Pyramids
Group J,Jordan,Jamal Sellami,Forwards,Ali Olwan,Al-Sailiaya
Group J,Jordan,Jamal Sellami,Forwards,Ibrahim Sabra,Lokomotiva Zagreb
Group J,Jordan,Jamal Sellami,Forwards,Mahmoud Al-Mardi,Al-Hussein
Group K,Portugal,Roberto Martinez,Goalkeepers,Diogo Costa,Porto
Group K,Portugal,Roberto Martinez,Goalkeepers,José Sá,Wolverhampton Wanderers
Group K,Portugal,Roberto Martinez,Goalkeepers,Rui Silva,Sporting Lisbon
Group K,Portugal,Roberto Martinez,Goalkeepers,Ricardo Velho,Gençlerbirliği
Group K,Portugal,Roberto Martinez,Defenders,Rúben Dias,Manchester City
Group K,Portugal,Roberto Martinez,Defenders,João Cancelo,Barcelona
Group K,Portugal,Roberto Martinez,Defenders,Diogo Dalot,Manchester United
Group K,Portugal,Roberto Martinez,Defenders,Nuno Mendes,Paris Saint-Germain
Group K,Portugal,Roberto Martinez,Defenders,Nélson Semedo,Fenerbahce
Group K,Portugal,Roberto Martinez,Defenders,Matheus Nunes,Manchester City
Group K,Portugal,Roberto Martinez,Defenders,Gonçalo Inacio,Sporting Lisbon
Group K,Portugal,Roberto Martinez,Defenders,Renato Veiga,Villarreal
Group K,Portugal,Roberto Martinez,Defenders,Tomás Araújo,Benfica
Group K,Portugal,Roberto Martinez,Midfielders,Bruno Fernandes,Manchester United
Group K,Portugal,Roberto Martinez,Midfielders,Bernardo Silva,Manchester City
Group K,Portugal,Roberto Martinez,Midfielders,Vitinha,PSG
Group K,Portugal,Roberto Martinez,Midfielders,João Neves,PSG
Group K,Portugal,Roberto Martinez,Midfielders,Rúben Neves,Al Hilal
Group K,Portugal,Roberto Martinez,Midfielders,Samú Costa,Mallorca
Group K,Portugal,Roberto Martinez,Forwards,Cristiano Ronaldo,Al Nassr
Group K,Portugal,Roberto Martinez,Forwards,Rafael Leão,AC Milan
Group K,Portugal,Roberto Martinez,Forwards,João Félix,Al Nassr
Group K,Portugal,Roberto Martinez,Forwards,Gonçalo Ramos,PSG
Group K,Portugal,Roberto Martinez,Forwards,Pedro Neto,Chelsea
Group K,Portugal,Roberto Martinez,Forwards,Francisco Conceição,Juventus
Group K,Portugal,Roberto Martinez,Forwards,Gonçalo Guedes,Real Sociedad
Group K,Portugal,Roberto Martinez,Forwards,Francisco Trincão,Sporting Lisbon
Group K,Congo DR,Sebastien Desabre,Goalkeepers,Lionel Mpasi,Le Havre
Group K,Congo DR,Sebastien Desabre,Goalkeepers,Timothy Fayulu,FC Noah
Group K,Congo DR,Sebastien Desabre,Goalkeepers,Matthieu Epolo,Standard Liege
Group K,Congo DR,Sebastien Desabre,Defenders,Chancel Mbemba,Lille
Group K,Congo DR,Sebastien Desabre,Defenders,Axel Tuanzebe,Burnley
Group K,Congo DR,Sebastien Desabre,Defenders,Arthur Masuaku,Lens
Group K,Congo DR,Sebastien Desabre,Defenders,Gedeon Kalulu,Aris Limassol
Group K,Congo DR,Sebastien Desabre,Defenders,Joris Kayembe,Genk
Group K,Congo DR,Sebastien Desabre,Defenders,Aaron Wan-Bissaka,West Ham United
Group K,Congo DR,Sebastien Desabre,Defenders,Aaron Tshibola,Kilmarnock
Group K,Congo DR,Sebastien Desabre,Defenders,Steve Kapuadi,Widzew Łódź
Group K,Congo DR,Sebastien Desabre,Defenders,Dylan Batubinsika,AEL
Group K,Congo DR,Sebastien Desabre,Midfielders,Noah Sadiki,Sunderland
Group K,Congo DR,Sebastien Desabre,Midfielders,Charles Pickel,Espanyol
Group K,Congo DR,Sebastien Desabre,Midfielders,Edo Kayembe,Watford
Group K,Congo DR,Sebastien Desabre,Midfielders,Samuel Moutoussamy,Atromitos
Group K,Congo DR,Sebastien Desabre,Midfielders,Ngal'ayel Mukau,Lille
Group K,Congo DR,Sebastien Desabre,Midfielders,Nathanaël Mbuku,Montpellier
Group K,Congo DR,Sebastien Desabre,Midfielders,Meschak Elia,Alanyaspor
Group K,Congo DR,Sebastien Desabre,Midfielders,Brian Cipenga,Castellón
Group K,Congo DR,Sebastien Desabre,Midfielders,Gaël Kakuta,AEL
Group K,Congo DR,Sebastien Desabre,Midfielders,Théo Bongonda,Spartak Moscow
Group K,Congo DR,Sebastien Desabre,Forwards,Simon Banza,Al Jazira
Group K,Congo DR,Sebastien Desabre,Forwards,Yoane Wissa,Newcastle United
Group K,Congo DR,Sebastien Desabre,Forwards,Fiston Mayele,Pyramids FC
Group K,Congo DR,Sebastien Desabre,Forwards,Cédric Bakambu,Real Betis
Group K,Uzbekistan,Fabio Cannavaro,Goalkeepers,Utkir Yusupov,Navbahor
Group K,Uzbekistan,Fabio Cannavaro,Goalkeepers,Botirali Ergashev,AGMK
Group K,Uzbekistan,Fabio Cannavaro,Goalkeepers,Abduvokhid Nematov,Nasaf
Group K,Uzbekistan,Fabio Cannavaro,Defenders,Avazbek Ulmasaliev,AGMK
Group K,Uzbekistan,Fabio Cannavaro,Defenders,Jakhongir Urozov,Dinamo Samarqand
Group K,Uzbekistan,Fabio Cannavaro,Defenders,Rustamjon Ashurmatov,Esteghlal
Group K,Uzbekistan,Fabio Cannavaro,Defenders,Umarbek Eshmurodov,Nasaf
Group K,Uzbekistan,Fabio Cannavaro,Defenders,Abdukodir Khusanov,Manchester City
Group K,Uzbekistan,Fabio Cannavaro,Defenders,Abdulla Abdullaev,Dibba Al Fujairah
Group K,Uzbekistan,Fabio Cannavaro,Defenders,Farrukh Sayfiev,Neftchi
Group K,Uzbekistan,Fabio Cannavaro,Defenders,Khojiakbar Alijonov,Pakhtakor
Group K,Uzbekistan,Fabio Cannavaro,Defenders,Sherzod Nasrullaev,Nasaf
Group K,Uzbekistan,Fabio Cannavaro,Defenders,Behruz Karimov,Surkhon
Group K,Uzbekistan,Fabio Cannavaro,Midfielders,Sherzod Esanov,Buxoro
Group K,Uzbekistan,Fabio Cannavaro,Midfielders,Umarali Rakhmonaliev,Sabah
Group K,Uzbekistan,Fabio Cannavaro,Midfielders,Akmal Mozgovoy,Pakhtakor
Group K,Uzbekistan,Fabio Cannavaro,Midfielders,Otabek Shukurov,Baniyas
Group K,Uzbekistan,Fabio Cannavaro,Midfielders,Jamshid Iskanderov,Neftchi
Group K,Uzbekistan,Fabio Cannavaro,Midfielders,Azizjon Ganiev,Al Bataeh
Group K,Uzbekistan,Fabio Cannavaro,Midfielders,Abbosek Fayzullaev,Istanbul Basaksehir
Group K,Uzbekistan,Fabio Cannavaro,Midfielders,Jaloliddin Masharipov,Esteghlal
Group K,Uzbekistan,Fabio Cannavaro,Midfielders,Dostonbek Khamdamov,Pakhtakor
Group K,Uzbekistan,Fabio Cannavaro,Midfielders,Oston Urunov,Persepolis
Group K,Uzbekistan,Fabio Cannavaro,Forwards,Azizbek Amonov,Buxoro
Group K,Uzbekistan,Fabio Cannavaro,Forwards,Igor Sergeev,Persepolis
Group K,Uzbekistan,Fabio Cannavaro,Forwards,Eldor Shomurodov,Istanbul Basaksehir
Group K,Colombia,Nestor Lorenzo,Goalkeepers,David Ospina,Atlético Nacional
Group K,Colombia,Nestor Lorenzo,Goalkeepers,Álvaro Montero,Vélez Sarsfield
Group K,Colombia,Nestor Lorenzo,Goalkeepers,Camilo Vargas,Atlas
Group K,Colombia,Nestor Lorenzo,Defenders,Daniel Muñoz,Crystal Palace
Group K,Colombia,Nestor Lorenzo,Defenders,Jhon Lucumí,Bologna
Group K,Colombia,Nestor Lorenzo,Defenders,Santiago Arias,Independiente
Group K,Colombia,Nestor Lorenzo,Defenders,Davinson Sánchez,Galatasaray
Group K,Colombia,Nestor Lorenzo,Defenders,Johan Mojica,Mallorca
Group K,Colombia,Nestor Lorenzo,Defenders,Yerry Mina,Cagliari
Group K,Colombia,Nestor Lorenzo,Defenders,Willer Ditta,Cruz Azul
Group K,Colombia,Nestor Lorenzo,Defenders,Deiver Machado,Nantes
Group K,Colombia,Nestor Lorenzo,Midfielders,Jorge Carrascal,Flamengo
Group K,Colombia,Nestor Lorenzo,Midfielders,Kevin Castaño,River Plate
Group K,Colombia,Nestor Lorenzo,Midfielders,Gustavo Puerta,Racing Santander
Group K,Colombia,Nestor Lorenzo,Midfielders,Juan Fernando Quintero,River Plate
Group K,Colombia,Nestor Lorenzo,Midfielders,Juan Portilla,Athletico Paranaense
Group K,Colombia,Nestor Lorenzo,Midfielders,Jefferson Lerma,Crystal Palace
Group K,Colombia,Nestor Lorenzo,Midfielders,Richard Ríos,Benfica
Group K,Colombia,Nestor Lorenzo,Midfielders,Jhon Arias,Palmeiras
Group K,Colombia,Nestor Lorenzo,Midfielders,James Rodríguez,Minnesota United
Group K,Colombia,Nestor Lorenzo,Midfielders,Jaminton Campaz,Rosario Central
Group K,Colombia,Nestor Lorenzo,Forwards,Luis Díaz,Bayern Munich
Group K,Colombia,Nestor Lorenzo,Forwards,Jhon Córdoba,Krasnodar
Group K,Colombia,Nestor Lorenzo,Forwards,Luis Suárez,Sporting CP
Group K,Colombia,Nestor Lorenzo,Forwards,Andrés Gómez,Vasco da Gama
Group K,Colombia,Nestor Lorenzo,Forwards,Cucho Hernández,Real Betis
Group L,England,Thomas Tuchel,Goalkeepers,Jordan Pickford,Everton
Group L,England,Thomas Tuchel,Goalkeepers,Dean Henderson,Crystal Palace
Group L,England,Thomas Tuchel,Goalkeepers,James Trafford,Manchester City
Group L,England,Thomas Tuchel,Defenders,Reece James,Chelsea
Group L,England,Thomas Tuchel,Defenders,Ezri Konsa,Aston Villa
Group L,England,Thomas Tuchel,Defenders,Jarell Quansah,Bayer Leverkusen
Group L,England,Thomas Tuchel,Defenders,John Stones,Manchester City
Group L,England,Thomas Tuchel,Defenders,Marc Guéhi,Manchester City
Group L,England,Thomas Tuchel,Defenders,Dan Burn,Newcastle United
Group L,England,Thomas Tuchel,Defenders,Nico O'Reilly,Manchester City
Group L,England,Thomas Tuchel,Defenders,Djed Spence,Tottenham Hotspur
Group L,England,Thomas Tuchel,Defenders,Tino Livramento,Newcastle United
Group L,England,Thomas Tuchel,Midfielders,Declan Rice,Arsenal
Group L,England,Thomas Tuchel,Midfielders,Elliot Anderson,Nottingham Forest
Group L,England,Thomas Tuchel,Midfielders,Kobbie Mainoo,Manchester United
Group L,England,Thomas Tuchel,Midfielders,Jordan Henderson,Brentford
Group L,England,Thomas Tuchel,Midfielders,Morgan Rogers,Aston Villa
Group L,England,Thomas Tuchel,Midfielders,Jude Bellingham,Real Madrid
Group L,England,Thomas Tuchel,Midfielders,Eberechi Eze,Arsenal
Group L,England,Thomas Tuchel,Forwards,Harry Kane,Bayern Munich
Group L,England,Thomas Tuchel,Forwards,Ivan Toney,Al-Ahli
Group L,England,Thomas Tuchel,Forwards,Ollie Watkins,Aston Villa
Group L,England,Thomas Tuchel,Forwards,Bukayo Saka,Arsenal
Group L,England,Thomas Tuchel,Forwards,Marcus Rashford,Manchester United
Group L,England,Thomas Tuchel,Forwards,Anthony Gordon,Newcastle United
Group L,England,Thomas Tuchel,Forwards,Noni Madueke,Arsenal
Group L,Croatia,Zlatko Dalic,Goalkeepers,Dominik Livakovic,Dinamo Zagreb
Group L,Croatia,Zlatko Dalic,Goalkeepers,Dominik Kotarski,Kobenhavn
Group L,Croatia,Zlatko Dalic,Goalkeepers,Ivor Pandur,Hull City
Group L,Croatia,Zlatko Dalic,Defenders,Josko Gvardiol,Manchester City
Group L,Croatia,Zlatko Dalic,Defenders,Duje Caleta-Car,Real Sociedad
Group L,Croatia,Zlatko Dalic,Defenders,Josip Sutalo,Ajax
Group L,Croatia,Zlatko Dalic,Defenders,Josip Stanisic,Bayern Munich
Group L,Croatia,Zlatko Dalic,Defenders,Marin Pongracic,Fiorentina
Group L,Croatia,Zlatko Dalic,Defenders,Martin Erlic,Midtjylland
Group L,Croatia,Zlatko Dalic,Defenders,Luka Vuskovic,Hamburg
Group L,Croatia,Zlatko Dalic,Midfielders,Luka Modric,AC Milan
Group L,Croatia,Zlatko Dalic,Midfielders,Mateo Kovacic,Manchester City
Group L,Croatia,Zlatko Dalic,Midfielders,Mario Pasalic,Atalanta
Group L,Croatia,Zlatko Dalic,Midfielders,Nikola Vlasic,Torino
Group L,Croatia,Zlatko Dalic,Midfielders,Luka Sucic,Real Sociedad
Group L,Croatia,Zlatko Dalic,Midfielders,Martin Baturina,Como
Group L,Croatia,Zlatko Dalic,Midfielders,Kristijan Jakic,Augsburg
Group L,Croatia,Zlatko Dalic,Midfielders,Petar Sucic,Inter Milan
Group L,Croatia,Zlatko Dalic,Midfielders,Nikola Moro,Bologna
Group L,Croatia,Zlatko Dalic,Midfielders,Toni Fruk,Rijeka
Group L,Croatia,Zlatko Dalic,Forwards,Ivan Perisic,PSV Eindhoven
Group L,Croatia,Zlatko Dalic,Forwards,Andrej Kramaric,Hoffenheim
Group L,Croatia,Zlatko Dalic,Forwards,Ante Budimir,Osasuna
Group L,Croatia,Zlatko Dalic,Forwards,Marco Pasalic,Orlando City
Group L,Croatia,Zlatko Dalic,Forwards,Petar Musa,FC Dallas
Group L,Croatia,Zlatko Dalic,Forwards,Igor Matanovic,Freiburg
Group L,Ghana,Carlos Queiroz,Goalkeepers,Benjamin Asare,Accra Hearts of Oak SC
Group L,Ghana,Carlos Queiroz,Goalkeepers,Lawrence Ati-Zigi,St Gallen
Group L,Ghana,Carlos Queiroz,Goalkeepers,Joseph Anang,St Patrick's Athletic
Group L,Ghana,Carlos Queiroz,Defenders,Baba Abdul Rahman,PAOK Salonika
Group L,Ghana,Carlos Queiroz,Defenders,Gideon Mensah,AJ Auxerre
Group L,Ghana,Carlos Queiroz,Defenders,Marvin Senaya,AJ Auxerre
Group L,Ghana,Carlos Queiroz,Defenders,Alidu Seidu,Stade Rennais
Group L,Ghana,Carlos Queiroz,Defenders,Abdul Mumin,Rayo Vallecano
Group L,Ghana,Carlos Queiroz,Defenders,Jerome Opoku,Istanbul Basaksehir
Group L,Ghana,Carlos Queiroz,Defenders,Jonas Adjetey,VfL Wolfsburg
Group L,Ghana,Carlos Queiroz,Defenders,Kojo Oppong Peprah,Nice
Group L,Ghana,Carlos Queiroz,Defenders,Derrick Luckassen,Pafos
Group L,Ghana,Carlos Queiroz,Midfielders,Elisha Owusu,AJ Auxerre
Group L,Ghana,Carlos Queiroz,Midfielders,Thomas Partey,Villarreal
Group L,Ghana,Carlos Queiroz,Midfielders,Kwasi Sibo,Real Oviedo
Group L,Ghana,Carlos Queiroz,Midfielders,Augustine Boakye,Saint-Étienne
Group L,Ghana,Carlos Queiroz,Midfielders,Caleb Yirenkyi,FC Nordsjælland
Group L,Ghana,Carlos Queiroz,Midfielders,Abdul Fatawu Issahaku,Leicester City
Group L,Ghana,Carlos Queiroz,Forwards,Kamal Deen Sulemana,Atalanta
Group L,Ghana,Carlos Queiroz,Forwards,Christopher Bonsu Baah,Al Qadsiah
Group L,Ghana,Carlos Queiroz,Forwards,Ernest Nuamah,Lyon
Group L,Ghana,Carlos Queiroz,Forwards,Antoine Semenyo,Manchester City
Group L,Ghana,Carlos Queiroz,Forwards,Brandon Thomas-Asante,Coventry City
Group L,Ghana,Carlos Queiroz,Forwards,Prince Kwabena Adu,Viktoria Plzen
Group L,Ghana,Carlos Queiroz,Forwards,Iñaki Williams,Athletic Club
Group L,Ghana,Carlos Queiroz,Forwards,Jordan Ayew,Leicester City
Group L,Panama,Thomas Christiansen,Goalkeepers,Orlando Mosquera,Al Fayha
Group L,Panama,Thomas Christiansen,Goalkeepers,Luis Mejía,Nacional
Group L,Panama,Thomas Christiansen,Goalkeepers,César Samudio,Marathón
Group L,Panama,Thomas Christiansen,Defenders,César Blackman,Slovan Bratislava
Group L,Panama,Thomas Christiansen,Defenders,Jorge Gutiérrez,Deportivo La Guaira
Group L,Panama,Thomas Christiansen,Defenders,Amir Murillo,Beşiktaş
Group L,Panama,Thomas Christiansen,Defenders,Fidel Escobar,Saprissa
Group L,Panama,Thomas Christiansen,Defenders,Andrés Andrade,LASK
Group L,Panama,Thomas Christiansen,Defenders,Edgardo Fariña,Pari Nizhny Novgorod
Group L,Panama,Thomas Christiansen,Defenders,José Córdoba,Norwich City
Group L,Panama,Thomas Christiansen,Defenders,Éric Davis,Plaza Amador
Group L,Panama,Thomas Christiansen,Defenders,Jiovany Ramos,Puerto Cabello
Group L,Panama,Thomas Christiansen,Defenders,Roderick Miller,Turan Tovuz
Group L,Panama,Thomas Christiansen,Midfielders,Aníbal Godoy,San Diego FC
Group L,Panama,Thomas Christiansen,Midfielders,Adalberto Carrasquilla,Pumas UNAM
Group L,Panama,Thomas Christiansen,Midfielders,Carlos Harvey,Minnesota United
Group L,Panama,Thomas Christiansen,Midfielders,Cristian Martínez,Ironi Kiryat Shmona
Group L,Panama,Thomas Christiansen,Midfielders,José Luis Rodríguez,Juárez
Group L,Panama,Thomas Christiansen,Midfielders,César Yanis,Cobresal
Group L,Panama,Thomas Christiansen,Midfielders,Yoel Bárcenas,Mazatlán
Group L,Panama,Thomas Christiansen,Midfielders,Alberto Quintero,Plaza Amador
Group L,Panama,Thomas Christiansen,Midfielders,Azarias Londoño,Universidad Católica
Group L,Panama,Thomas Christiansen,Forwards,Ismael Díaz,León
Group L,Panama,Thomas Christiansen,Forwards,Cecilio Waterman,Universidad de Concepción
Group L,Panama,Thomas Christiansen,Forwards,José Fajardo,Universidad Católica
Group L,Panama,Thomas Christiansen,Forwards,Tomás Rodríguez,Saprissa
